,0,1,2,3,4,5,6,7,8,9,10,11,12,13
0,26,14,28,22,22,5,22,25,20,17,22,16,25,21
1,24,8,6,18,12,5,21,19,16,6,9,3,21,19
2,25,17,8,19,9,5,21,24,21,19,19,4,23,20
3,22,8,8,17,4,5,21,18,15,6,15,4,22,18
4,22,10,7,17,6,5,21,24,20,17,23,7,23,19
5,24,19,23,18,10,7,22,23,19,12,23,6,23,19
6,23,17,24,19,11,7,21,23,17,13,23,17,22,18
7,17,10,12,18,6,8,22,13,14,8,18,10,21,16
8,23,22,25,21,22,11,22,23,20,23,24,22,24,18
9,22,18,25,21,15,9,21,22,19,18,24,23,23,17
10,21,9,24,20,21,9,20,26,21,16,25,23,23,17
11,17,9,6,17,20,9,19,21,15,10,24,17,22,16
12,17,8,9,15,16,9,21,25,20,18,25,23,23,17
13,10,6,2,13,5,8,19,22,18,9,24,21,21,15
14,14,8,0,12,3,7,17,13,13,5,20,15,17,15
15,29,29,20,22,5,6,14,3,9,2,26,27,26,24
16,29,29,29,25,14,6,16,2,10,20,29,29,29,26
17,29,29,29,23,3,5,17,1,10,26,29,29,29,27
18,29,27,28,19,2,6,16,17,22,29,29,29,29,27
19,29,1,27,12,0,5,17,20,22,28,29,29,29,27
20,29,0,6,7,0,6,19,27,25,29,29,29,29,26
21,28,0,6,6,1,8,22,29,26,29,29,29,29,25
22,25,0,3,5,0,9,23,29,26,29,29,29,29,24
23,21,0,3,6,2,9,22,28,25,28,29,28,28,22
24,10,0,1,6,3,10,22,28,24,27,29,28,28,20
25,7,0,1,7,2,9,22,28,24,27,28,28,27,19
26,5,0,2,8,2,11,23,28,24,26,28,28,27,17
27,5,0,3,8,3,12,23,28,24,27,28,28,27,17
28,24,0,20,11,4,14,23,28,24,25,28,29,27,21
29,28,2,27,15,4,13,23,26,21,13,29,29,28,24
30,28,1,19,11,4,17,23,23,19,11,28,29,27,23
31,28,1,18,9,3,16,22,24,20,18,28,29,27,23
32,27,0,17,9,4,18,23,28,23,25,28,29,27,22
33,27,1,23,10,8,20,24,28,23,23,28,28,27,22
34,27,3,19,11,8,19,23,27,21,12,28,28,25,21
35,28,11,26,14,11,20,23,27,22,18,28,28,26,23
36,28,5,24,13,7,21,23,27,23,14,18,28,24,22
37,27,2,19,12,3,16,22,26,21,5,2,28,23,20
38,26,2,19,12,4,18,23,27,21,3,0,27,20,19
39,25,1,6,9,3,15,22,27,22,5,0,26,21,19
40,22,1,4,8,4,16,22,28,23,14,1,27,22,19
41,22,1,5,8,4,15,23,27,21,7,0,27,21,18
42,15,1,4,7,2,13,22,27,22,7,1,26,20,18
43,16,1,4,7,2,14,23,27,22,10,1,27,22,18
44,11,2,4,8,4,12,22,24,19,4,1,24,21,17
45,15,3,11,9,8,15,22,23,20,5,1,27,22,17
46,7,4,8,10,7,16,23,21,18,3,1,24,21,15
47,9,6,9,11,13,16,22,26,22,6,2,25,22,15
48,6,5,4,10,11,17,23,26,22,5,2,22,20,13
49,4,5,1,7,6,16,23,26,21,6,3,17,22,13
50,3,5,2,8,12,17,23,26,22,7,3,13,22,12
51,3,8,1,8,8,15,23,26,22,8,4,15,22,12
52,4,17,2,9,21,18,24,27,23,20,11,19,23,12
53,6,24,13,11,26,21,24,28,24,26,25,27,24,14
54,3,22,6,10,22,18,23,26,21,13,23,25,22,13
55,4,24,15,11,17,18,23,26,21,9,23,25,20,12
56,4,25,14,14,25,20,24,26,22,17,26,25,23,13
57,6,26,21,16,25,18,23,25,20,10,26,26,22,14
58,6,26,4,12,24,17,23,18,20,11,26,21,22,13
59,15,26,5,10,24,17,23,24,22,14,27,24,23,17
60,26,28,14,12,23,19,23,24,22,10,27,26,24,20
61,26,28,20,12,25,20,23,25,23,21,27,26,24,20
62,27,28,21,15,25,22,24,27,24,25,28,27,25,21
63,27,28,26,16,26,22,24,28,25,27,28,28,26,21
64,26,28,25,15,23,19,24,26,23,20,27,27,24,19
65,26,28,20,15,25,19,23,27,23,26,28,27,25,19
66,24,28,17,16,27,20,24,27,25,25,27,27,24,19
67,26,28,23,18,27,21,24,27,24,26,28,27,25,20
68,25,28,23,19,27,19,24,26,24,23,27,26,23,18
69,24,27,7,16,26,19,24,25,23,23,27,25,23,17
70,26,28,16,16,27,19,24,25,24,26,28,27,25,19
71,25,28,17,16,27,21,24,26,24,27,28,26,25,18
72,25,28,19,16,28,22,25,26,24,27,28,27,25,18
73,25,27,23,16,27,21,24,25,23,25,28,27,24,18
74,24,27,20,14,24,19,24,23,24,26,27,26,23,18
75,26,28,24,17,25,17,24,8,20,23,27,27,24,19
76,25,27,24,17,24,16,23,6,20,17,26,27,24,18
77,24,26,17,15,21,17,23,11,21,17,25,26,23,18
78,24,26,17,14,20,17,23,9,21,17,24,25,23,18
79,23,26,21,16,23,19,24,26,24,26,26,26,24,18
80,24,26,25,16,25,19,24,23,24,26,25,26,24,18
81,27,28,24,18,26,19,24,16,22,18,21,24,22,19
82,28,29,28,22,27,21,24,16,22,17,23,27,21,21
83,27,28,27,22,26,19,24,13,23,9,12,27,9,18
84,8,27,18,20,25,18,24,8,22,5,4,15,4,11
85,2,25,5,18,16,20,24,6,19,1,0,5,1,8
86,1,23,8,18,18,21,25,18,22,2,0,7,1,7
87,1,22,7,20,23,21,24,5,19,1,1,8,1,7
88,1,18,5,20,26,21,24,5,19,1,1,5,2,8
89,6,5,0,9,28,29,29,10,0,9,0,1,0,29
90,2,22,7,21,26,19,23,1,15,1,2,6,3,8
91,2,19,3,20,24,18,23,2,16,1,2,5,3,9
92,2,9,0,13,22,18,23,2,17,1,2,2,3,8
93,0,6,0,11,23,18,23,1,14,2,2,1,3,7
94,0,5,0,11,21,17,23,2,14,1,1,0,2,7
95,1,5,0,10,18,18,23,2,15,3,3,1,4,8
96,1,22,0,12,22,17,22,0,11,1,1,0,2,7
97,2,23,1,14,24,20,23,6,19,3,2,2,3,8
98,4,25,2,16,24,20,23,1,12,2,3,4,4,9
99,4,26,1,16,26,21,23,2,16,5,5,3,5,9
100,4,26,2,17,25,19,21,3,15,5,5,5,5,10
101,5,26,3,18,26,19,22,1,11,2,3,2,5,10
102,8,25,1,16,25,18,22,0,10,3,5,6,6,12
103,13,25,2,16,26,20,22,2,15,10,10,7,10,14
104,22,26,8,17,25,19,22,6,15,19,21,22,12,15
105,20,25,9,16,26,8,22,7,17,22,21,20,14,15
106,17,21,7,14,25,5,22,21,19,24,16,12,9,14
107,12,21,5,14,25,4,23,14,15,23,14,9,10,14
108,14,24,6,16,26,4,22,11,16,23,16,10,12,14
109,10,22,3,16,25,4,22,4,10,13,16,13,11,14
110,14,19,3,15,24,4,22,18,16,19,20,15,12,14
111,20,24,10,17,22,4,21,9,12,9,19,22,12,15
112,19,22,10,18,24,4,20,7,12,11,17,23,14,15
113,21,19,11,17,12,4,20,3,9,6,7,19,10,15
114,14,16,5,17,11,4,21,4,10,6,7,15,11,15
115,19,19,12,18,18,5,22,6,12,14,17,23,15,16
116,15,18,6,18,9,5,22,6,12,7,9,22,13,16
117,12,18,4,17,4,4,19,5,10,4,8,17,11,15
118,10,24,5,17,3,4,19,3,8,2,6,16,9,15
119,23,28,22,21,6,5,20,3,9,7,4,23,14,16
120,11,27,9,19,3,5,20,2,10,5,0,11,9,15
121,14,27,12,20,2,5,17,1,8,4,0,13,10,15
122,17,26,15,21,2,5,19,2,8,6,1,22,12,15
123,14,22,4,17,1,6,20,4,10,7,1,15,11,15
124,13,22,3,15,1,6,19,2,8,6,1,8,11,14
125,20,25,4,16,6,7,19,3,11,6,2,8,15,15
126,20,25,6,16,5,7,20,5,12,6,2,12,12,16
127,18,24,3,14,4,8,19,7,16,11,6,9,17,16
128,17,21,4,14,3,8,18,8,15,7,6,9,13,17
129,26,27,9,17,2,6,18,4,11,4,6,20,17,20
130,29,29,29,24,5,6,15,3,10,2,24,28,25,25
131,29,29,29,24,2,5,14,1,7,3,28,29,28,27
132,29,29,29,22,1,5,14,0,7,9,29,29,29,27
133,29,7,28,14,1,6,18,8,20,27,29,29,29,26
134,28,1,23,9,1,7,19,13,22,27,29,28,28,25
135,27,0,10,8,3,8,22,26,23,27,29,27,28,24
136,26,1,19,10,6,9,22,26,23,27,29,28,28,24
137,23,0,7,8,3,8,22,25,23,27,29,27,28,23
138,23,0,6,8,5,9,21,23,22,27,29,27,28,23
139,7,0,3,7,1,6,19,9,18,23,27,23,26,21
140,5,0,3,7,1,7,21,23,21,24,27,23,26,21
141,9,0,11,9,1,7,21,20,19,25,27,26,26,21
142,17,8,12,12,1,8,20,6,12,4,10,17,14,19
143,13,5,4,10,1,7,20,6,10,3,8,6,10,17
144,20,9,10,11,2,7,20,5,11,4,22,21,13,18
145,11,9,10,11,3,8,20,8,12,4,13,18,10,18
146,13,13,19,12,5,11,21,22,18,7,21,20,11,17
147,8,8,17,12,4,11,21,14,15,6,19,19,9,16
148,16,16,25,14,11,13,21,19,19,18,25,25,16,18
149,9,17,21,15,12,13,20,21,19,20,24,22,17,17
150,8,15,23,16,12,13,18,21,19,14,25,23,17,18
151,11,22,24,19,22,16,19,22,21,20,24,21,16,19
152,6,11,11,17,10,14,19,13,19,14,23,12,14,18
153,5,11,6,14,15,15,20,21,19,20,22,7,13,17
154,9,22,24,17,23,15,19,22,21,25,26,21,20,19
155,6,15,20,16,16,13,19,22,20,22,25,21,16,18
156,6,9,12,13,6,13,20,11,17,20,25,21,14,18
157,28,28,27,20,17,15,20,6,14,10,27,27,22,23
158,29,29,29,24,19,10,17,2,7,1,25,28,13,25
159,28,29,28,23,23,14,18,3,8,0,7,26,4,22
160,22,28,27,22,19,18,20,5,8,0,3,23,2,16
161,3,24,25,20,21,21,22,21,13,0,1,12,1,12
162,1,7,7,16,16,21,23,23,16,1,3,5,2,11
163,0,3,3,13,15,20,22,13,14,1,4,4,3,10
164,0,0,1,9,5,21,23,22,19,5,10,5,6,11
165,0,0,0,9,6,22,22,27,22,6,6,3,6,10
166,1,1,4,11,7,22,23,27,22,14,7,10,7,12
167,1,2,4,12,10,22,22,27,23,24,11,7,10,12
168,3,4,13,15,11,22,22,27,23,24,19,19,11,14
169,1,2,4,12,2,19,19,16,18,6,3,6,6,11
170,2,3,6,13,2,15,19,8,15,5,4,8,7,12
171,6,8,20,17,3,13,19,5,12,4,6,14,8,13
172,14,25,14,19,7,17,22,11,16,5,5,16,6,14
173,7,21,6,15,3,15,21,6,12,2,2,3,4,12
174,7,21,7,13,2,16,21,4,10,2,2,5,4,13
175,3,16,2,11,1,16,21,4,12,3,2,3,3,12
176,8,23,16,12,2,14,19,4,10,2,5,8,5,15
177,6,21,12,11,2,15,20,4,11,2,3,6,5,14
178,11,25,23,15,3,18,21,5,15,9,11,20,9,17
179,10,24,24,14,2,17,20,6,15,9,7,21,8,17
180,11,25,22,16,4,17,20,6,15,10,5,19,10,17
181,8,23,21,15,3,17,19,5,15,14,1,13,7,16
182,9,24,24,17,3,16,17,2,11,7,0,16,8,16
183,8,22,24,18,6,18,18,3,10,8,0,19,8,16
184,13,24,10,17,15,19,18,4,20,23,2,17,14,17
185,17,26,20,17,13,19,18,6,19,22,3,18,15,18
186,10,23,16,16,5,17,16,4,17,15,2,16,12,17
187,7,22,7,16,6,18,18,4,18,22,2,6,13,15
188,10,22,12,17,8,16,17,5,19,22,4,14,16,16
189,10,16,6,15,4,15,17,7,19,22,5,11,16,17
190,9,12,19,15,3,15,16,4,14,17,6,22,17,17
191,12,11,15,17,3,13,15,1,10,7,4,15,13,17
192,11,4,13,17,3,14,16,2,14,9,6,20,14,17
193,15,3,17,19,4,16,17,1,14,14,11,23,18,17
194,16,3,23,20,6,16,18,1,14,11,11,22,18,16
195,14,1,6,17,4,15,19,0,13,8,13,20,17,15
196,25,4,24,19,15,17,20,4,18,24,26,27,22,19
197,25,6,22,19,12,12,18,1,17,22,25,25,21,17
198,24,5,18,18,6,13,18,3,17,23,24,26,22,17
199,20,5,8,17,7,15,17,1,15,16,20,18,20,15
200,16,5,13,17,13,16,18,3,16,18,22,23,19,15
201,15,6,11,17,4,12,17,3,14,11,14,19,15,14
202,9,4,5,15,2,10,15,2,13,6,15,10,13,14
203,9,4,5,17,1,10,15,3,14,6,16,13,14,14
204,8,5,3,16,3,13,15,4,16,15,17,8,17,14
205,8,8,5,18,4,12,16,3,15,11,14,7,14,14
206,28,28,23,22,4,11,14,1,11,5,24,23,22,21
207,28,28,24,21,6,13,19,5,13,6,23,26,23,21
208,26,25,8,18,6,14,19,5,15,17,1,10,22,18
209,26,24,20,17,4,12,18,3,12,7,0,24,20,19
210,17,15,7,15,2,10,15,0,7,2,0,7,13,15
211,17,10,11,16,2,10,15,0,6,1,0,6,8,14
212,9,9,4,16,2,9,14,0,7,2,0,5,11,14
213,28,27,22,21,1,7,12,0,5,1,0,17,19,21
214,29,29,27,23,1,6,10,0,4,0,0,28,26,25
215,29,29,28,23,1,7,13,0,8,7,3,28,28,26
216,29,28,27,22,0,6,14,2,10,25,16,29,28,26
217,29,23,25,20,0,7,13,6,18,28,24,28,29,26
218,27,0,6,14,0,10,18,24,21,28,21,28,28,24
219,21,0,2,11,0,8,16,13,17,27,9,26,28,22
220,9,0,2,10,0,9,17,15,14,26,4,23,28,21
221,22,0,5,14,0,9,18,10,12,22,2,19,26,20
222,28,6,26,19,1,9,16,4,10,23,6,27,27,24
223,28,5,26,20,0,8,14,1,7,7,3,27,27,24
224,28,5,25,21,0,9,16,1,9,11,3,27,26,23
225,28,3,26,21,1,12,18,3,12,22,5,28,26,23
226,28,2,25,20,2,13,17,5,12,23,3,27,25,23
227,27,2,23,21,3,11,15,6,13,18,2,26,25,22
228,26,1,19,21,2,13,16,5,11,5,1,24,23,21
229,21,1,2,19,3,12,14,4,12,7,1,12,21,20
230,14,0,0,13,3,15,19,12,17,24,3,11,22,19
231,7,0,0,11,2,13,17,6,15,22,3,9,21,18
232,7,0,0,12,2,12,18,6,12,12,2,11,21,18
233,5,0,0,11,0,7,15,1,10,8,3,17,20,17
234,4,0,0,11,1,7,15,1,9,6,2,5,16,15
235,4,0,0,12,2,9,19,6,15,16,3,6,18,15
236,3,0,0,12,1,10,18,5,15,21,3,5,17,14
237,3,1,0,14,4,11,17,4,14,21,4,5,19,14
238,1,0,0,10,0,8,14,1,9,4,1,1,7,11
239,22,10,4,17,1,8,13,1,9,6,4,10,16,20
240,27,24,19,20,1,7,15,0,6,1,4,19,15,21
241,24,16,2,14,1,8,13,0,7,2,5,5,12,19
242,23,16,3,14,1,7,12,0,6,1,3,5,10,19
243,23,15,4,14,1,7,10,0,7,4,4,7,16,19
244,17,9,2,13,1,7,10,1,9,3,3,3,12,17
245,15,5,5,12,0,6,11,1,7,1,1,3,7,17
246,25,27,4,19,2,6,8,0,6,1,1,1,6,17
247,22,23,8,19,1,5,9,0,5,0,1,2,6,16
248,12,13,3,17,1,6,9,0,5,0,0,1,4,14
249,6,9,1,13,1,7,11,1,7,0,0,0,4,12
250,13,12,6,17,1,8,12,2,9,1,2,2,5,13
251,10,13,4,17,3,8,12,2,9,1,3,2,6,14
252,13,14,6,18,3,9,12,1,9,2,4,4,7,15
253,7,8,3,17,2,8,11,0,7,0,2,1,6,14
254,12,16,5,18,4,9,12,1,9,1,3,3,7,16
255,8,10,3,18,3,9,12,2,12,2,3,4,7,15
256,10,19,3,18,2,9,11,1,9,2,3,3,7,16
257,28,28,24,23,4,10,12,0,7,0,4,17,8,20
258,17,26,8,21,4,10,10,0,6,0,1,3,4,14
259,4,22,5,22,7,12,12,2,10,0,1,4,3,10
260,0,18,2,22,13,14,13,1,7,0,0,0,1,6
261,0,0,0,13,8,16,18,4,10,0,0,0,0,5
262,0,0,0,11,9,15,17,4,14,2,0,0,1,5
263,0,0,0,10,7,14,19,3,10,1,0,0,1,6
264,0,0,0,10,6,14,18,2,11,1,1,0,1,6
265,0,0,0,9,4,15,17,2,12,1,0,0,1,6
266,0,1,0,9,3,15,17,4,14,2,0,0,1,6
267,0,1,0,10,5,15,15,2,12,2,1,0,2,7
268,0,1,0,12,5,15,16,5,16,3,1,0,3,7
269,0,2,1,11,10,15,17,9,16,4,2,1,4,7
270,0,1,1,11,6,15,17,4,11,1,1,1,3,7
271,0,1,0,9,5,17,18,4,11,2,2,1,3,7
272,1,3,1,10,4,17,19,10,16,4,4,2,4,8
273,1,3,2,11,4,16,19,12,13,4,7,4,5,9
274,1,4,2,11,6,17,21,12,14,6,7,4,6,9
275,2,4,5,12,5,16,20,8,13,3,6,7,5,9
276,2,2,3,11,3,14,19,3,12,3,5,5,5,9
277,2,2,3,12,3,14,18,11,16,6,5,6,5,9
278,2,1,6,13,3,14,19,13,15,6,4,4,5,9
279,2,0,5,11,1,9,17,4,10,1,2,5,4,9
280,3,0,3,13,3,12,17,6,13,5,4,5,5,10
281,1,0,0,9,1,11,18,4,12,4,3,3,5,9
282,3,1,2,10,1,11,18,3,13,5,4,6,6,11
283,4,1,4,11,2,11,19,7,16,7,8,17,7,11
284,2,1,2,9,1,10,18,5,18,6,7,6,6,11
285,6,4,8,14,1,13,17,9,21,19,18,17,9,14
286,29,29,28,23,1,9,12,2,14,4,24,27,21,24
287,29,29,28,23,2,13,17,8,18,6,24,27,19,23
288,27,26,26,20,2,13,18,10,18,12,12,25,10,20
289,20,7,19,17,5,18,20,23,21,12,5,23,6,15
290,15,4,9,13,5,16,20,22,20,23,9,22,7,14
291,11,3,7,11,2,15,19,12,18,16,7,19,6,13
292,11,3,10,12,2,16,19,19,19,21,12,24,7,15
293,10,1,20,10,0,15,18,21,19,23,21,26,11,16
294,7,1,13,11,1,18,20,27,23,26,23,25,11,16
295,7,1,19,11,1,19,20,27,23,26,23,26,10,16
296,4,1,6,10,0,14,18,23,19,24,8,19,7,15
297,4,1,7,12,1,17,19,21,20,21,9,22,7,15
298,6,2,7,13,1,16,19,14,18,22,16,23,9,17
299,14,3,20,15,2,19,20,23,21,24,20,26,10,18
300,10,2,5,10,1,18,19,21,20,26,22,22,11,18
301,12,4,7,10,2,18,19,13,19,24,20,23,11,18
302,18,5,21,12,4,20,20,16,19,23,18,24,11,19
303,17,5,18,12,5,19,20,24,22,26,23,25,14,19
304,17,7,23,14,7,20,20,20,21,26,21,25,14,19
305,10,6,19,14,4,18,19,12,19,25,17,23,10,18
306,7,5,9,13,1,13,16,5,15,18,14,22,10,18
307,9,8,10,15,2,15,17,5,17,22,11,19,12,18
308,12,8,15,17,4,17,17,4,16,23,11,24,11,18
309,11,15,4,18,12,18,16,3,16,24,10,21,12,19
310,17,22,7,20,15,19,18,6,17,24,8,20,9,18
311,12,12,1,14,9,19,18,3,13,12,4,8,7,17
312,22,23,6,15,8,19,18,4,17,24,12,22,11,19
313,22,22,6,15,10,20,18,9,21,27,18,24,15,20
314,24,23,15,15,13,19,20,4,16,26,20,24,13,20
315,17,18,2,12,8,19,18,2,12,19,6,9,8,18
316,23,25,7,15,21,21,19,3,17,27,16,21,14,20
317,24,26,7,18,20,21,19,1,16,27,21,20,17,20
318,22,24,5,17,22,21,17,2,13,26,20,20,16,19
319,22,24,6,18,13,21,19,2,13,27,22,24,20,19
320,13,17,2,16,5,18,17,1,10,24,7,10,12,18
321,22,24,4,20,23,22,20,6,18,27,21,23,20,20
322,23,23,6,19,21,21,20,4,16,26,18,22,16,20
323,25,23,4,18,24,22,20,6,19,28,24,25,21,21
324,24,22,3,17,16,20,18,1,11,26,22,24,19,21
325,22,17,2,17,14,19,19,2,11,26,7,24,14,20
326,22,22,2,17,19,21,20,2,13,27,14,24,19,20
327,22,20,2,17,19,19,18,4,15,27,22,25,21,20
328,18,21,2,19,19,18,18,2,11,26,11,22,15,18
329,20,18,3,18,23,20,19,2,9,25,7,23,12,18
330,29,29,25,23,26,20,19,1,12,26,26,28,24,24
331,29,29,28,25,17,14,17,0,7,21,27,29,26,26
332,29,29,27,25,18,13,18,0,9,26,28,28,27,26
333,29,29,27,24,10,10,16,0,7,26,28,28,27,26
334,29,29,27,24,22,11,15,0,9,27,28,28,27,25
335,29,27,22,22,26,11,17,0,8,26,28,27,27,25
336,29,22,19,19,27,10,18,0,8,27,28,28,27,25
337,29,19,26,20,28,12,20,4,17,28,29,28,28,25
338,29,17,15,18,28,11,19,1,11,27,27,27,26,24
339,29,10,13,17,27,11,17,1,11,25,27,26,25,24
340,29,4,17,17,26,8,14,0,9,25,26,26,25,24
341,29,2,13,16,24,10,14,1,8,23,25,25,24,23
342,28,2,16,17,26,11,15,1,11,25,26,26,25,23
343,28,1,12,16,21,8,15,1,8,17,22,25,22,22
344,27,0,6,14,16,8,15,1,7,6,9,23,13,21
345,27,1,8,17,21,9,15,1,7,5,9,21,10,20
346,28,4,6,18,24,9,13,1,8,5,4,9,6,19
347,27,2,4,13,25,11,16,2,10,20,12,17,9,19
348,25,0,4,10,17,10,18,4,13,24,12,20,9,18
349,23,0,4,9,13,12,18,11,19,26,12,20,8,17
350,8,0,0,8,5,8,17,5,11,17,4,2,5,12
351,4,0,0,7,4,8,16,2,9,7,2,1,5,10
352,9,0,2,9,6,11,17,5,12,22,11,5,11,13
353,4,0,0,8,3,9,14,3,9,6,4,2,6,11
354,7,0,2,10,7,9,14,2,7,4,5,4,8,13
355,6,1,5,13,16,13,17,3,9,15,7,6,10,13
356,5,1,3,12,13,12,15,3,10,14,7,5,13,13
357,5,1,3,12,18,14,17,10,12,20,9,6,15,13
358,2,0,0,8,5,9,14,3,9,6,4,1,9,11
359,2,0,2,9,6,14,17,5,11,14,10,5,17,13
360,2,0,1,9,5,13,14,4,10,13,8,6,14,13
361,1,0,1,8,5,14,14,2,8,5,6,2,11,13
362,1,1,1,9,4,10,14,0,7,4,4,2,11,12
363,1,1,2,10,9,12,15,3,9,5,5,4,13,12
364,1,2,0,10,17,11,15,1,7,2,2,1,10,10
365,2,5,2,12,20,9,15,2,9,5,6,8,20,13
366,5,6,5,13,13,11,15,3,13,9,8,14,23,16
367,6,6,6,13,12,11,15,2,9,5,7,13,24,17
368,5,6,10,14,21,12,15,2,10,4,6,12,24,15
369,5,4,3,9,12,12,17,2,8,3,6,10,22,14
370,4,4,3,8,8,11,14,3,9,4,8,9,23,14
371,5,8,2,9,15,12,10,3,11,8,17,8,24,13
372,4,9,3,9,18,12,9,1,8,5,10,7,23,12
373,3,7,3,8,13,12,10,0,7,3,6,4,21,11
374,3,7,4,9,9,11,10,1,7,4,9,6,22,12
375,3,11,4,11,9,12,10,1,8,5,8,5,22,11
376,4,16,17,13,12,16,12,5,10,5,8,7,22,11
377,3,16,14,14,11,16,10,2,9,5,7,8,22,11
378,3,19,18,14,9,15,9,5,13,11,14,20,22,11
379,4,25,13,17,8,14,8,3,11,7,12,8,23,11
380,3,25,9,18,10,14,7,2,10,6,8,4,21,10
381,3,23,5,14,6,15,8,2,9,6,13,4,22,10
382,2,23,2,11,5,15,8,1,9,6,5,1,20,10
383,3,24,4,12,6,15,8,1,9,8,7,4,20,11
384,2,23,3,13,6,15,8,1,8,4,5,1,17,10
385,1,22,1,12,5,13,8,0,7,4,6,1,19,10
386,2,23,3,13,7,13,8,1,8,5,8,2,21,11
387,4,26,12,15,11,15,8,3,15,19,22,6,24,13
388,2,25,7,15,12,15,8,2,12,5,6,2,19,11
389,5,26,19,19,14,13,8,3,12,9,9,6,23,13
390,3,26,8,19,9,14,8,6,16,14,10,4,22,13
391,7,27,18,20,16,14,8,6,16,17,18,7,24,15
392,5,26,6,18,7,12,7,1,10,4,9,3,23,14
393,2,23,0,12,5,13,8,1,8,1,3,0,17,11
394,5,25,4,14,7,14,9,6,14,9,10,4,22,13
395,5,26,10,15,12,16,9,3,11,7,10,5,23,13
396,4,25,5,14,16,16,9,6,15,9,6,2,21,12
397,3,22,6,12,5,12,9,4,11,6,6,4,19,12
398,3,22,7,13,6,10,8,2,8,4,6,3,21,12
399,3,18,7,15,4,10,7,1,6,1,4,3,18,12
400,4,19,4,13,7,12,8,1,7,2,4,2,19,11
401,4,10,5,11,4,11,8,3,8,3,5,3,16,11
402,5,17,9,13,5,12,8,3,7,2,5,4,16,12
403,5,17,2,12,3,13,8,6,11,11,18,3,21,13
404,6,14,16,14,1,10,8,2,7,3,11,9,18,13
405,5,18,4,14,3,12,7,4,12,10,13,4,21,13
406,6,17,10,16,2,10,8,0,6,2,7,6,21,14
407,4,9,7,15,2,10,7,0,6,1,4,3,16,12
408,5,9,6,16,2,12,8,2,9,2,4,3,16,12
409,3,3,6,14,0,10,8,1,6,0,1,2,9,10
410,4,6,4,16,2,13,8,2,10,1,3,3,15,10
411,4,8,4,18,2,13,8,3,11,4,6,4,19,11
412,5,7,15,19,1,13,7,1,9,2,6,8,18,11
413,2,3,3,17,1,12,7,2,10,2,3,3,17,10
414,4,7,6,21,3,14,8,2,12,5,5,4,22,11
415,3,4,2,18,3,15,8,4,13,5,7,3,21,11
416,4,5,1,13,3,12,8,1,12,6,7,2,22,11
417,4,4,4,12,1,9,7,1,8,2,6,9,20,12
418,4,4,3,12,1,10,8,0,7,1,3,4,16,11
419,4,0,2,11,1,11,7,3,11,3,3,4,14,11
420,4,0,6,12,1,11,8,1,9,1,3,8,15,11
421,5,1,9,13,1,12,9,1,7,1,3,6,11,12
422,14,7,8,17,4,14,10,3,11,3,4,8,13,14
423,6,3,17,15,0,9,10,1,7,0,1,8,6,13
424,5,5,6,14,1,9,8,1,8,0,1,3,7,12
425,7,5,14,17,1,9,9,1,7,0,1,5,6,12
426,4,2,3,12,1,8,9,0,6,0,1,2,6,11
427,7,4,6,12,4,10,12,5,10,2,4,7,10,13
428,9,4,23,15,5,9,10,2,9,1,4,18,10,14
429,24,22,24,17,12,13,12,3,10,2,3,13,9,16
430,29,29,28,23,3,8,9,0,5,0,1,24,4,23
431,29,29,28,23,7,8,9,0,7,0,1,25,4,22
432,27,28,28,22,11,11,12,1,8,0,0,22,2,17
433,6,16,20,17,4,11,12,2,7,0,0,5,1,10
434,1,2,6,12,5,14,14,2,9,0,0,3,1,8
435,0,13,3,15,11,14,12,1,6,0,0,0,0,6
436,0,26,1,18,23,14,10,0,5,0,0,0,0,4
437,0,25,1,19,23,14,11,3,7,0,0,0,0,5
438,0,27,3,20,23,14,10,1,7,0,0,0,0,6
439,0,24,2,19,17,13,10,1,6,0,0,0,0,5
440,0,25,3,20,23,15,9,0,6,0,0,0,0,6
441,0,20,6,20,16,17,13,3,8,0,0,0,0,6
442,1,0,19,16,6,18,14,24,20,5,2,10,5,9
443,1,0,25,16,3,18,17,25,20,7,4,23,7,10
444,1,0,24,18,6,18,11,6,15,4,3,19,7,9
445,4,0,26,19,7,21,13,18,20,19,12,25,16,12
446,7,0,27,20,7,21,16,23,17,12,23,27,22,13
447,5,0,25,17,9,22,20,27,19,15,23,26,21,13
448,5,0,16,12,9,21,19,28,22,25,25,24,21,13
449,5,0,18,12,18,21,19,27,21,26,26,25,23,14
450,6,1,22,12,9,20,19,27,21,27,27,27,24,16
451,4,1,10,11,5,18,18,22,15,21,24,23,21,14
452,4,1,9,11,6,17,16,24,17,15,23,22,18,14
453,4,1,12,11,6,16,18,25,15,12,15,19,14,12
454,4,0,17,11,5,15,17,26,19,9,18,23,12,13
455,5,1,22,13,15,18,17,28,20,20,21,22,16,13
456,3,1,9,14,24,20,16,27,20,20,21,15,15,12
457,2,1,2,10,22,19,16,27,21,25,23,7,14,11
458,3,1,3,10,19,17,16,27,19,23,23,13,12,12
459,3,1,4,10,6,15,15,26,15,10,13,6,8,11
460,3,2,3,10,6,15,16,26,19,22,23,10,10,12
461,6,3,11,11,14,17,17,26,18,21,24,24,12,15
462,5,4,11,11,7,14,17,23,16,18,20,13,8,13
463,5,5,8,12,7,14,16,25,13,6,15,20,7,13
464,4,2,10,13,4,14,17,26,18,11,17,21,6,14
465,8,6,18,17,10,18,17,27,21,20,22,25,9,16
466,5,4,9,16,4,14,13,22,13,6,8,18,5,14
467,6,4,11,14,8,16,16,27,19,16,19,16,6,15
468,25,19,25,16,7,16,16,26,15,13,24,27,8,20
469,29,29,28,21,7,14,15,23,14,16,26,27,19,23
470,27,26,25,17,4,14,16,19,10,3,12,24,7,20
471,19,22,14,13,6,16,18,27,19,14,15,17,7,18
472,10,19,22,14,6,15,16,24,15,14,19,25,6,16
473,6,10,17,15,7,16,17,20,12,7,10,20,5,14
474,1,16,6,14,4,13,15,16,10,2,2,4,1,9
475,3,25,13,18,18,15,15,25,15,5,3,7,2,11
476,2,25,13,17,22,16,14,22,15,6,3,8,2,11
477,4,26,21,18,26,21,20,27,21,18,6,19,4,13
478,4,25,17,13,26,21,20,27,20,24,9,13,4,13
479,18,13,26,11,22,20,21,27,21,27,27,27,19,19
480,5,5,22,9,14,19,21,28,20,25,24,25,10,15
481,9,5,26,9,10,16,20,27,21,26,26,27,17,17
482,8,6,25,10,7,16,20,25,19,26,25,27,14,17
483,14,6,27,11,8,15,19,26,19,25,25,28,13,17
484,9,5,27,11,20,20,21,26,21,25,25,27,12,16
485,12,17,26,12,24,21,20,27,23,28,27,26,20,17
486,7,13,24,12,20,18,20,26,21,26,24,25,15,15
487,4,4,8,8,7,15,19,22,17,20,21,11,11,13
488,6,6,6,8,7,18,21,25,21,26,24,17,14,14
489,7,7,7,8,7,18,20,24,19,25,23,13,14,14
490,9,7,17,8,12,19,20,26,22,27,26,24,19,17
491,6,7,4,8,13,19,18,22,18,24,23,5,14,15
492,9,7,20,9,20,19,18,16,16,23,23,19,15,16
493,9,8,22,10,19,18,19,23,19,25,25,18,18,17
494,21,20,26,13,25,19,20,26,23,27,27,27,22,19
495,18,16,24,13,24,18,17,19,21,26,26,22,19,17
496,10,10,12,12,23,19,18,20,21,25,23,17,14,16
497,5,6,12,12,24,19,16,22,22,27,25,24,15,16
498,7,4,8,11,19,20,20,27,24,28,26,25,20,17
499,9,2,7,8,23,20,19,21,22,27,26,25,19,17
500,13,6,7,8,9,22,20,28,25,29,28,27,22,17
501,23,24,12,11,20,19,19,25,24,28,27,25,23,18
502,9,18,4,10,6,18,18,22,21,26,22,6,10,13
503,20,25,15,12,25,18,16,8,18,26,23,9,19,16
504,19,23,11,11,27,19,16,5,16,24,22,7,15,16
505,9,21,3,11,27,20,16,7,20,26,23,7,19,15
506,19,20,10,13,25,19,16,6,17,25,24,19,19,18
507,11,20,4,13,25,19,15,7,18,25,22,9,15,15
508,23,25,22,17,26,20,17,3,12,24,21,19,14,17
509,20,25,11,17,26,20,19,17,18,25,12,12,8,14
510,23,23,8,13,23,20,21,10,16,25,13,23,9,14
511,22,25,7,12,22,19,21,7,14,24,9,20,8,14
512,29,29,26,19,23,19,18,2,9,10,18,26,17,22
513,28,28,23,17,21,18,17,2,9,16,23,26,20,22
514,28,27,25,16,16,16,18,2,9,20,23,26,18,20
515,27,26,26,16,22,17,15,1,11,24,24,26,21,20
516,26,24,22,16,22,19,17,6,17,28,25,26,22,20
517,25,13,22,14,11,18,18,6,16,28,24,25,21,19
518,23,8,7,13,6,17,16,4,12,27,14,13,14,17
519,28,27,19,19,8,15,12,0,8,25,20,22,22,22
520,29,29,28,24,22,15,13,0,8,23,25,28,25,25
521,29,29,28,23,25,20,18,1,11,28,28,28,27,25
522,29,29,28,22,26,21,18,2,15,28,28,29,28,25
523,29,29,28,22,26,18,19,2,13,28,28,29,28,25
524,29,28,28,22,27,19,18,5,19,29,29,29,28,26
525,29,27,28,21,26,18,18,4,16,29,28,28,28,25
526,29,21,28,20,25,19,19,7,20,29,28,29,28,25
527,29,7,28,20,24,17,19,4,18,29,28,29,28,25
528,29,3,28,19,23,18,20,7,20,29,28,28,27,24
529,28,1,28,19,26,20,19,9,19,28,27,28,26,23
530,28,4,28,20,27,22,20,25,23,29,27,28,25,23
531,28,4,28,19,26,20,19,24,21,28,26,27,24,22
532,28,2,26,17,25,19,20,13,18,27,25,27,24,21
533,28,3,26,14,26,21,21,20,19,28,26,27,24,22
534,28,4,26,14,25,20,20,16,18,28,27,27,24,22
535,27,3,26,12,21,19,21,7,14,27,25,26,24,22
536,28,4,27,13,24,21,21,14,20,28,27,28,26,23
537,28,4,27,15,26,21,21,14,20,28,27,27,26,22
538,26,4,25,14,23,20,20,20,19,28,26,25,25,21
539,26,4,27,16,21,20,20,21,21,28,26,27,24,20
540,27,9,27,18,26,21,21,20,20,28,27,27,25,20
541,23,5,14,17,25,21,21,25,22,28,26,25,24,19
542,23,18,20,19,28,22,22,26,23,29,27,25,25,19
543,21,12,24,19,27,22,21,27,25,29,28,26,25,19
544,14,7,7,15,26,22,21,27,23,29,28,24,25,18
545,13,17,3,16,28,23,21,28,25,29,28,16,26,19
546,10,7,7,16,26,22,22,28,24,29,27,22,25,17
547,6,8,3,16,26,21,21,27,23,28,24,4,23,14
548,6,6,6,15,23,20,22,25,20,27,22,4,22,13
549,25,27,15,20,24,19,21,25,22,28,25,11,23,18
550,25,27,21,21,23,17,19,12,18,27,21,6,22,17
551,18,25,19,19,16,17,20,10,12,24,12,5,16,14
552,19,26,21,20,23,18,19,22,18,27,18,8,19,15
553,22,26,26,21,22,18,20,16,13,26,23,24,22,17
554,8,15,21,19,9,19,20,22,16,23,8,8,14,14
555,10,18,11,19,14,19,20,21,16,24,10,4,13,13
556,16,8,22,18,15,18,21,19,18,26,23,17,21,16
557,19,13,26,20,22,21,22,27,23,28,26,26,23,18
558,6,5,15,17,8,18,21,22,17,25,16,7,16,14
559,5,6,11,17,7,16,21,15,13,22,14,5,13,13
560,8,23,22,20,14,17,20,11,12,19,17,11,10,13
561,7,25,20,20,16,19,20,23,16,24,13,10,12,13
562,15,28,25,22,24,18,20,18,16,24,19,14,18,14
563,20,28,25,23,25,17,17,6,12,17,8,4,12,13
564,24,28,26,23,25,16,18,6,12,23,14,8,17,14
565,21,27,27,22,18,15,19,3,16,26,20,16,15,13
566,20,25,14,21,18,17,20,5,20,27,24,10,19,13
567,16,24,10,19,8,15,20,5,17,26,21,9,16,12
568,13,22,9,18,11,16,21,4,16,26,15,6,11,11
569,8,19,5,17,6,13,19,3,15,24,10,4,10,11
570,7,16,2,16,4,13,17,1,13,22,7,2,10,11
571,10,22,6,18,10,15,19,1,17,26,13,4,16,12
572,10,23,19,20,18,17,18,2,16,25,16,11,15,13
573,7,22,13,20,23,20,20,4,19,26,9,7,15,12
574,7,21,16,20,19,20,21,9,21,27,15,12,19,13
575,10,21,23,21,18,20,20,8,21,27,23,23,21,15
576,9,22,22,21,7,16,19,4,17,24,14,21,15,14
577,9,13,4,18,5,15,16,1,13,25,13,13,13,15
578,7,15,5,16,5,15,17,1,11,24,9,14,12,13
579,12,23,17,18,9,15,14,1,15,27,21,21,20,15
580,6,19,6,16,8,15,16,1,14,27,22,10,21,14
581,25,28,25,20,19,17,17,1,11,25,22,23,19,18
582,24,28,25,21,25,19,17,2,13,26,22,20,18,18
583,26,28,27,23,26,21,18,6,18,27,25,25,20,19
584,26,28,27,23,27,22,19,9,18,27,23,23,19,20
585,27,29,28,23,27,23,18,3,13,23,20,23,12,20
586,27,28,27,23,23,19,15,0,8,6,7,13,8,18
587,25,28,25,23,24,20,15,1,10,11,8,7,8,15
588,27,29,27,22,26,21,20,3,11,13,10,18,6,16
589,6,28,21,20,23,18,19,2,9,5,2,3,3,9
590,0,27,11,18,16,16,16,1,8,4,1,1,2,6
591,0,25,1,14,11,18,18,6,12,4,0,0,1,5
592,0,25,0,14,9,17,18,3,8,1,0,0,0,4
593,0,29,0,20,22,15,13,0,4,0,0,0,0,3
594,0,29,0,21,15,16,16,2,6,0,0,0,0,4
595,0,28,0,21,8,13,11,0,5,0,0,0,0,4
596,0,28,2,20,8,14,11,0,6,0,0,0,0,4
597,0,28,1,22,14,13,10,0,5,0,0,0,0,4
598,0,29,1,22,15,14,10,0,5,0,0,0,0,4
599,0,28,0,20,10,16,12,0,5,0,0,0,0,4
600,0,28,0,19,9,14,10,0,4,0,0,0,0,5
601,0,24,0,16,5,16,13,0,5,1,0,0,1,7
602,2,12,3,16,10,18,14,2,10,15,3,3,7,10
603,2,15,4,17,14,18,13,1,9,13,4,3,9,10
604,2,21,3,17,19,19,14,2,9,11,3,2,8,10
605,1,15,4,17,7,19,16,1,8,5,2,2,7,9
606,3,18,5,17,5,20,15,2,9,9,3,4,8,10
607,5,20,13,18,5,19,13,2,9,7,3,7,8,11
608,4,15,6,18,1,15,13,0,6,2,1,3,6,11
609,5,21,14,19,2,16,14,1,6,2,2,5,7,11
610,7,23,10,18,3,16,14,1,7,5,5,10,9,13
611,7,21,9,16,4,18,15,2,9,6,6,8,11,13
612,8,5,12,12,2,18,15,4,13,26,23,21,24,16
613,6,5,11,13,1,19,16,7,14,25,23,23,24,15
614,8,6,11,14,3,20,18,7,17,26,24,22,24,15
615,6,4,13,14,2,18,14,5,14,22,22,21,23,14
616,5,3,8,12,1,16,12,5,13,15,11,17,21,13
617,4,3,5,13,1,16,11,6,14,20,18,11,22,14
618,3,2,2,14,1,17,11,7,15,18,11,6,20,13
619,5,3,4,17,1,15,10,5,13,18,15,9,19,14
620,3,2,3,17,0,14,9,3,9,4,5,4,11,12
621,3,1,1,13,0,14,11,6,13,18,16,10,14,12
622,7,6,2,14,4,17,11,8,15,25,25,18,23,15
623,11,7,5,14,3,18,12,11,17,25,25,22,22,16
624,10,6,4,15,5,21,15,23,20,27,27,21,25,17
625,9,3,8,13,4,20,16,25,21,27,27,25,24,17
626,7,4,8,14,3,18,14,22,20,26,26,25,23,18
627,7,3,7,15,1,17,12,22,18,25,26,24,22,17
628,6,3,3,17,0,15,9,8,13,10,20,9,18,15
629,27,25,18,21,1,18,11,12,17,15,26,25,25,22
630,25,20,15,19,1,20,13,21,19,25,26,26,25,20
631,21,7,10,20,1,18,12,24,21,24,26,26,24,18
632,19,4,26,17,1,19,14,24,21,25,26,27,24,18
633,7,3,7,10,0,12,12,5,14,21,24,11,22,15
634,9,4,14,12,1,16,12,4,13,21,24,11,22,15
635,28,27,25,17,0,12,12,2,11,10,26,26,25,22
636,29,28,27,20,1,12,10,2,9,5,23,26,23,23
637,26,24,24,16,1,14,13,11,14,16,24,25,22,20
638,21,13,25,16,1,12,15,7,11,7,19,23,17,18
639,7,12,21,17,4,15,17,13,13,9,10,9,14,15
640,4,5,18,16,3,15,15,18,15,9,11,9,13,13
641,4,6,10,16,3,17,13,20,17,12,7,5,12,12
642,4,5,21,18,3,17,12,14,13,5,6,7,13,12
643,3,4,9,16,2,16,10,9,11,4,8,6,12,12
644,4,6,2,13,3,15,11,20,14,9,12,4,15,12
645,5,9,6,13,3,16,12,10,11,10,18,8,19,14
646,4,5,8,12,3,16,12,16,13,9,9,9,16,13
647,6,6,8,12,5,16,12,23,19,21,20,18,21,15
648,6,8,17,14,8,18,12,25,20,22,15,20,21,16
649,5,4,14,12,3,17,11,23,18,4,7,21,18,15
650,5,5,22,15,5,18,11,22,17,2,6,23,19,15
651,2,2,7,13,3,18,10,18,15,1,3,11,12,13
652,5,3,14,16,3,15,9,11,12,1,6,19,18,15
653,5,5,19,17,6,18,10,23,15,3,6,15,18,14
654,6,6,11,14,6,16,10,24,17,5,9,14,17,15
655,6,9,6,12,8,16,11,23,17,10,14,12,20,15
656,5,6,12,12,6,14,13,25,17,8,10,20,14,15
657,6,6,14,13,6,14,12,27,21,25,20,22,19,16
658,4,3,6,11,3,14,13,27,21,25,8,14,11,14
659,6,5,12,12,2,12,11,26,20,26,21,24,16,16
660,5,5,6,13,2,13,11,23,15,23,9,21,13,15
661,24,23,24,18,1,10,11,23,15,12,12,26,16,20
662,29,29,28,23,1,9,12,11,11,6,26,28,25,25
663,29,29,29,23,2,9,10,6,12,12,28,29,27,26
664,29,29,28,22,3,10,9,5,14,25,28,28,28,26
665,29,28,27,19,2,10,11,6,12,25,28,28,28,26
666,29,28,27,18,1,9,11,9,17,26,28,28,28,25
667,29,27,27,19,2,12,11,22,22,28,29,28,28,25
668,29,25,26,16,0,9,10,20,16,26,28,28,27,25
669,29,23,25,16,0,9,11,9,14,23,28,27,26,24
670,28,23,26,18,0,8,11,18,16,24,27,27,25,23
671,28,8,27,17,1,10,13,25,16,19,25,27,21,22
672,26,9,18,16,1,12,13,27,21,23,19,23,12,20
673,27,17,26,18,2,12,14,25,16,6,9,22,7,18
674,25,10,24,18,2,11,12,24,16,5,6,20,6,18
675,24,7,8,12,4,14,16,26,17,17,19,21,8,19
676,22,3,10,9,3,14,17,27,22,26,24,24,14,19
677,22,1,20,10,2,14,19,27,22,26,25,25,14,19
678,24,0,22,9,1,13,18,27,21,22,24,26,13,20
679,24,1,22,11,3,14,17,27,23,27,26,27,19,20
680,24,2,24,13,5,12,15,25,21,24,21,26,12,18
681,22,3,24,15,11,12,16,27,22,25,21,25,9,17
682,9,1,14,14,5,15,15,28,24,26,17,23,8,15
683,5,0,18,15,6,17,17,28,24,25,16,23,8,13
684,6,0,18,13,6,18,14,28,24,26,21,25,10,15
685,4,1,1,10,6,15,12,26,22,18,4,4,4,11
686,4,2,1,11,5,14,9,26,22,20,3,3,3,10
687,4,3,7,12,5,17,9,27,23,21,4,11,4,11
688,5,2,5,11,4,18,12,27,23,25,10,17,5,13
689,3,2,1,11,7,15,9,27,24,27,22,10,8,13
690,2,0,3,9,2,13,9,25,19,12,5,5,4,11
691,1,0,1,10,1,13,9,25,22,19,4,3,4,10
692,2,0,6,12,1,13,11,27,23,25,8,8,6,11
693,2,0,3,13,1,12,11,27,23,24,8,7,6,11
694,4,1,6,15,3,11,9,25,22,23,10,8,8,13
695,2,0,1,8,1,11,11,25,21,14,6,3,6,11
696,4,1,2,9,2,10,9,23,20,14,7,4,5,11
697,19,9,10,13,2,9,8,12,15,7,8,7,5,15
698,19,7,13,13,1,8,8,6,13,6,14,13,8,17
699,13,12,19,14,4,9,8,21,19,21,23,20,12,16
700,5,7,7,13,1,8,7,8,13,4,10,6,8,14
701,5,6,21,14,2,8,7,13,17,6,16,13,10,14
702,4,5,23,15,1,8,7,5,11,2,7,6,8,13
703,2,3,10,15,1,8,6,4,10,1,3,6,6,11
704,3,4,11,15,3,8,7,6,14,7,13,9,13,12
705,2,2,2,9,1,7,7,3,9,1,7,4,8,12
706,2,2,4,10,2,8,7,2,10,3,14,10,10,13
707,3,4,10,11,5,8,8,5,14,5,20,14,12,14
708,3,4,2,11,7,8,8,17,18,9,24,19,13,14
709,4,4,3,12,8,9,9,25,20,19,25,22,14,14
710,3,4,3,13,10,10,11,26,21,16,24,9,11,14
711,2,2,2,14,4,8,9,26,21,8,23,14,11,13
712,2,1,1,12,2,9,9,27,22,7,23,8,9,13
713,1,1,3,15,3,8,8,18,17,1,10,4,7,12
714,3,1,3,14,4,8,10,25,19,3,19,6,9,13
715,2,1,2,10,3,9,12,26,20,5,23,6,7,12
716,6,3,6,13,7,9,9,19,19,9,25,19,14,15
717,3,2,2,12,6,9,10,25,21,6,24,10,10,13
718,3,1,3,11,4,7,8,15,16,3,24,7,9,13
719,5,1,6,12,4,8,9,19,17,4,25,24,11,15
720,3,1,6,13,5,8,9,21,18,2,22,14,8,13
721,2,1,5,12,4,8,8,21,18,2,19,9,6,12
722,3,2,6,15,4,8,8,24,19,5,23,12,9,13
723,2,2,6,16,3,8,8,25,18,3,17,11,7,12
724,3,3,3,13,4,10,10,22,18,3,17,5,7,11
725,4,3,1,10,3,10,11,24,21,11,24,6,11,13
726,5,5,5,14,4,13,14,21,18,5,22,5,9,13
727,3,3,0,12,1,10,12,16,17,3,11,1,7,11
728,6,4,3,12,2,13,15,24,20,9,25,5,12,14
729,13,8,9,17,11,18,18,27,23,25,27,19,19,17
730,10,8,15,18,5,15,14,22,20,14,25,13,14,16
731,13,9,22,19,5,14,12,19,20,15,25,15,20,17
732,8,7,18,20,4,14,11,13,19,14,24,12,13,15
733,19,21,26,23,10,16,10,9,19,21,26,22,20,17
734,11,10,21,20,4,16,12,17,19,11,25,16,19,16
735,20,15,18,17,5,14,11,8,18,19,27,23,23,18
736,23,24,26,20,16,19,12,24,22,26,27,25,24,19
737,24,23,24,19,5,18,13,25,23,25,24,25,24,19
738,24,20,25,18,4,19,16,26,22,25,20,25,23,19
739,23,14,24,19,2,16,18,25,20,22,9,24,22,19
740,20,9,26,19,2,16,19,25,20,18,9,26,22,19
741,18,6,22,17,1,13,17,26,19,8,5,14,18,17
742,23,6,25,20,1,12,17,27,22,22,7,24,18,18
743,23,9,25,20,1,11,13,20,14,5,5,22,17,18
744,26,22,27,22,8,13,15,23,20,24,21,26,22,19
745,26,23,25,19,17,17,18,24,20,25,20,23,21,19
746,26,25,26,19,24,20,20,27,22,27,24,25,23,20
747,27,26,27,19,23,20,21,28,24,28,26,27,24,21
748,25,24,24,16,7,16,17,24,18,19,20,17,21,18
749,22,20,18,15,4,16,16,23,19,21,12,8,17,17
750,24,13,26,16,4,15,16,19,16,24,20,21,19,18
751,23,23,26,18,13,18,16,23,19,25,23,21,21,18
752,25,24,28,21,20,19,18,26,22,25,23,24,21,19
753,24,23,27,20,19,17,16,24,19,23,21,21,20,18
754,24,12,26,18,12,17,17,25,21,26,24,22,19,18
755,7,2,4,9,4,15,16,25,20,24,21,7,13,15
756,24,4,25,10,3,13,17,26,19,24,23,24,14,18
757,24,7,26,12,4,15,18,27,22,25,24,25,15,19
758,24,4,26,11,3,14,19,26,20,20,20,24,9,18
759,23,5,25,11,4,12,14,25,16,20,12,17,8,16
760,25,7,27,14,5,15,16,27,22,26,24,25,13,18
761,27,24,28,20,16,17,16,26,21,27,26,27,19,19
762,26,19,28,19,8,17,17,26,22,21,24,26,17,17
763,26,19,28,19,7,15,13,9,19,22,23,22,16,17
764,25,15,27,18,6,12,12,4,16,14,21,14,13,15
765,25,7,23,13,3,10,14,4,16,9,22,20,11,16
766,23,5,21,11,1,8,12,4,14,7,22,14,14,16
767,21,3,20,10,1,8,10,3,16,8,18,11,15,17
768,22,5,9,10,3,13,12,16,20,17,16,11,19,18
769,21,5,8,11,4,13,12,17,21,21,19,7,18,18
770,25,19,26,15,6,14,11,7,18,18,24,18,22,20
771,25,22,24,16,5,13,11,10,17,9,22,15,20,19
772,25,21,27,16,7,15,12,12,18,8,23,12,19,18
773,25,21,27,18,10,14,10,6,14,11,22,17,21,18
774,24,14,27,16,9,13,9,6,13,6,18,12,19,16
775,21,10,7,11,8,13,9,3,8,3,9,4,13,14
776,25,23,21,11,12,11,9,2,10,10,24,6,22,16
777,22,22,18,12,6,9,8,1,8,5,20,6,21,15
778,15,13,11,10,5,10,9,5,10,3,16,4,17,13
779,19,12,17,10,4,9,7,2,10,7,14,6,17,14
780,15,12,19,11,5,10,9,5,11,12,10,5,14,13
781,11,8,20,11,6,11,8,5,11,5,7,4,11,12
782,7,4,18,11,3,11,9,5,9,2,4,4,7,11
783,11,7,21,15,8,10,7,3,8,3,6,4,12,11
784,11,9,21,17,12,11,7,2,9,3,10,6,15,12
785,14,7,9,12,10,10,8,3,10,4,11,4,12,12
786,22,12,19,12,10,12,9,10,15,19,24,18,19,15
787,19,10,19,13,10,14,11,11,16,16,21,12,13,15
788,8,8,5,11,6,13,10,5,13,4,8,5,9,13
789,8,11,6,11,4,13,11,8,14,10,8,4,9,13
790,8,18,8,13,6,13,9,14,13,11,12,5,10,14
791,7,12,11,14,4,10,10,6,9,6,8,5,8,13
792,6,7,12,14,3,12,10,8,10,4,8,6,7,13
793,8,9,12,16,4,10,8,5,9,3,7,5,7,14
794,7,5,16,16,5,11,9,6,12,7,9,8,8,14
795,6,3,3,11,5,10,10,5,11,7,8,3,6,13
796,5,4,3,9,6,10,9,5,10,6,8,4,7,13
797,7,4,10,10,7,12,11,15,13,6,3,10,8,15
798,6,4,6,10,7,15,11,25,19,23,1,5,9,14
799,7,4,14,11,10,15,14,25,18,14,1,9,11,15
800,8,8,17,15,16,15,12,19,16,21,1,8,12,14
801,7,5,12,15,10,14,11,20,15,8,0,8,12,14
802,9,6,24,17,8,16,12,25,17,13,0,10,10,14
803,7,8,13,18,13,15,11,20,15,10,0,4,11,13
804,18,11,26,20,22,15,11,23,17,20,0,23,18,16
805,11,12,7,15,19,15,12,20,16,21,1,8,17,14
806,23,20,14,16,23,16,13,25,21,27,2,15,22,17
807,18,9,7,13,19,15,12,24,18,25,2,12,21,17
808,19,11,9,14,16,15,13,22,18,25,2,10,20,17
809,15,8,13,12,6,12,11,22,18,22,2,14,17,16
810,13,8,7,12,5,12,11,23,18,22,2,7,16,14
811,18,10,23,15,6,11,12,24,17,19,4,23,18,17
812,22,10,26,17,6,10,12,23,18,24,3,24,18,18
813,20,19,25,19,21,14,12,26,21,26,6,24,21,18
814,24,16,28,20,23,15,15,28,23,26,15,27,22,19
815,24,20,25,19,25,17,17,28,22,27,17,24,22,19
816,20,8,13,13,9,12,14,25,17,24,7,17,15,18
817,20,7,20,14,8,12,13,25,14,23,6,21,14,17
818,19,8,10,14,13,11,11,21,9,16,6,9,18,18
819,22,9,16,15,5,9,10,6,7,5,3,7,15,17
820,21,10,14,16,6,9,11,15,10,7,6,6,19,17
821,21,8,20,17,6,10,11,13,11,9,6,8,18,17
822,10,5,8,17,12,14,12,25,17,17,5,5,15,15
823,24,18,26,20,19,12,11,25,18,25,22,20,23,19
824,23,24,25,20,24,13,12,22,12,22,16,21,20,18
825,24,25,18,16,23,14,12,25,19,24,20,13,20,18
826,22,24,17,14,25,14,13,25,18,26,23,22,23,18
827,21,23,12,14,25,14,14,25,16,26,23,18,22,19
828,15,21,10,15,26,11,10,13,10,17,7,12,14,17
829,6,11,10,15,26,11,9,5,8,7,4,4,8,14
830,4,10,7,16,27,14,10,10,10,7,2,2,7,12
831,6,8,19,17,24,12,10,18,13,14,6,13,13,15
832,5,9,13,18,24,14,11,23,18,24,5,6,10,13
833,6,9,18,20,23,14,10,19,12,18,5,9,9,13
834,8,7,10,18,21,13,9,22,13,20,12,18,12,14
835,6,6,1,12,11,11,9,10,10,9,6,3,9,13
836,11,8,5,14,14,15,10,24,17,21,20,13,14,15
837,16,10,10,16,18,14,11,22,15,22,17,10,13,15
838,22,18,24,19,26,18,14,27,21,27,26,25,21,17
839,20,14,23,19,26,19,13,27,21,25,25,23,20,17
840,19,15,25,20,26,19,16,28,22,25,25,25,17,17
841,21,15,26,21,26,18,12,27,20,24,26,26,17,17
842,13,5,25,20,24,20,13,28,22,27,25,26,14,16
843,6,2,19,19,5,14,9,25,15,13,16,17,7,13
844,3,1,5,16,4,12,10,25,14,19,18,9,7,11
845,3,1,2,10,3,11,11,24,7,5,9,6,5,11
846,5,2,3,12,5,10,11,24,7,9,20,7,7,13
847,4,2,2,11,4,13,13,26,9,18,23,9,8,14
848,5,3,4,12,6,15,14,26,10,20,25,13,8,14
849,4,2,3,11,3,13,13,25,12,21,23,6,7,13
850,2,1,4,11,1,9,10,5,6,3,8,5,5,12
851,2,1,3,11,1,9,9,8,7,3,7,2,5,12
852,4,2,7,15,2,8,8,6,6,1,12,8,5,14
853,5,2,12,15,1,9,8,7,7,3,18,13,8,15
854,10,11,8,17,5,12,10,23,8,5,11,10,5,14
855,17,18,18,16,7,12,10,17,8,7,22,22,6,17
856,12,18,14,15,7,12,10,17,9,6,21,12,6,16
857,7,9,11,14,4,9,10,11,9,5,11,9,5,15
858,9,13,15,16,6,12,9,14,9,7,13,8,5,14
859,6,6,7,12,3,10,9,7,8,8,8,4,4,12
860,9,8,20,16,5,12,9,12,9,15,13,18,6,14
861,7,7,15,17,7,14,9,24,14,22,19,14,6,14
862,9,6,17,18,11,15,10,21,11,10,16,13,7,14
863,8,3,13,18,18,15,8,10,11,16,20,16,11,15
864,7,1,5,12,13,16,10,22,15,23,20,9,14,15
865,6,2,4,11,10,15,8,10,11,12,10,7,9,14
866,10,4,7,12,17,15,9,23,18,25,22,19,18,17
867,5,2,3,10,5,14,10,22,15,24,10,6,13,15
868,6,2,7,10,5,12,9,20,13,21,7,8,11,15
869,7,3,8,11,4,13,10,20,13,22,6,7,11,15
870,8,3,21,15,5,14,10,16,12,17,7,19,12,16
871,16,11,24,19,20,19,11,26,21,27,24,24,21,18
872,16,11,25,20,17,16,11,20,16,24,14,20,18,16
873,7,6,6,14,17,17,10,23,16,26,18,11,15,16
874,9,4,5,10,3,13,12,23,14,25,15,14,12,15
875,6,3,5,9,1,11,11,7,8,14,6,6,10,15
876,5,3,4,9,2,13,10,14,11,19,6,7,10,14
877,6,4,6,8,2,12,9,7,10,10,6,6,10,15
878,6,4,6,9,3,15,10,20,13,21,7,5,12,14
879,6,6,5,10,2,10,8,6,10,11,5,3,10,14
880,5,3,14,10,1,12,11,7,9,10,5,5,8,14
881,14,15,21,16,7,16,10,22,18,26,22,19,19,17
882,12,20,23,16,7,15,9,6,12,23,18,13,16,17
883,10,8,5,11,5,16,11,17,14,26,20,10,14,16
884,16,26,9,13,9,16,10,24,18,27,15,10,9,16
885,10,25,13,14,8,16,10,18,13,25,6,7,6,14
886,7,24,12,11,7,16,11,20,12,22,6,6,5,14
887,7,21,9,11,9,17,12,26,18,26,7,5,6,14
888,6,23,10,12,13,14,10,18,10,19,5,2,5,13
889,8,22,22,14,18,16,10,24,15,23,12,8,6,16
890,12,24,24,17,20,14,9,19,13,22,15,13,8,16
891,10,23,21,17,21,12,8,3,9,7,8,7,6,15
892,6,11,2,11,13,14,9,4,8,4,5,2,5,14
893,4,5,1,8,7,14,11,6,10,8,5,1,6,14
894,7,11,5,11,14,14,12,8,12,17,12,6,8,17
895,6,11,6,11,6,13,11,5,9,10,8,4,6,16
896,8,11,8,11,5,12,11,2,7,4,8,5,6,17
897,6,18,7,13,5,12,10,4,8,6,8,4,6,16
898,8,22,10,15,6,12,10,5,9,8,12,6,8,17
899,12,24,19,18,7,14,12,5,9,5,6,7,5,16
900,23,28,26,21,11,12,10,2,7,2,5,14,4,15
901,5,27,10,19,22,15,9,1,5,1,0,2,2,9
902,0,7,1,10,7,13,12,2,4,0,0,0,1,5
903,0,3,0,8,8,15,12,7,5,1,0,0,1,5
904,0,11,0,10,12,16,14,8,5,1,0,0,1,6
905,0,4,0,8,11,14,11,11,5,1,0,0,1,6
906,0,7,0,10,21,16,13,21,6,2,1,0,1,6
907,0,13,1,11,21,17,10,25,8,6,1,0,2,7
908,0,15,1,13,19,16,9,10,6,3,2,0,2,7
909,0,9,1,14,11,10,8,3,5,0,0,0,1,7
910,0,15,0,14,10,6,8,4,5,1,1,0,2,7
911,0,22,0,15,20,8,10,6,6,2,1,1,2,7
912,0,16,0,10,18,10,12,5,5,2,1,0,2,7
913,1,24,0,12,24,13,15,25,10,11,4,2,3,9
914,1,23,0,12,23,12,13,16,8,7,3,2,3,9
915,1,19,0,11,22,11,12,7,7,3,2,1,3,9
916,1,18,0,11,11,9,10,6,7,3,2,1,3,10
917,4,24,0,14,9,9,10,8,9,15,5,3,5,12
918,7,25,1,16,21,12,11,22,13,16,6,5,5,13
919,7,24,1,17,13,10,9,11,10,5,6,6,6,12
920,13,27,3,21,25,13,10,11,11,3,9,8,7,14
921,28,29,6,23,24,11,11,6,8,1,15,13,10,21
922,28,29,6,22,27,16,13,20,16,8,25,18,18,21
923,26,28,7,21,26,15,13,21,16,11,26,23,17,18
924,23,28,6,20,26,16,13,10,17,14,24,18,11,16
925,18,24,3,17,25,16,12,21,19,24,26,17,19,16
926,9,8,3,15,24,16,13,22,20,24,25,19,19,15
927,6,6,2,15,23,17,12,15,19,21,22,6,15,13
928,5,4,1,14,13,16,10,12,19,17,22,4,15,12
929,7,4,4,17,15,14,9,5,16,6,14,6,17,13
930,6,3,3,17,16,17,9,4,14,5,1,3,14,13
931,7,2,0,12,13,16,10,10,18,14,1,2,13,12
932,6,1,0,10,12,18,13,9,18,22,1,2,14,13
933,8,4,1,11,10,15,11,3,13,9,1,4,18,14
934,8,5,1,11,16,17,11,5,14,16,2,3,12,13
935,12,6,2,12,16,16,11,8,15,20,5,4,14,14
936,13,5,6,14,9,15,12,14,16,23,11,8,15,15
937,11,5,8,16,15,15,12,21,18,24,13,6,14,15
938,12,4,12,18,17,16,13,19,18,24,18,7,16,15
939,9,4,11,18,9,13,10,6,12,7,12,6,13,15
940,8,2,2,17,7,13,10,5,10,5,6,3,10,13
941,8,1,1,12,6,13,12,7,15,23,19,3,13,14
942,5,1,1,10,6,12,10,1,11,13,11,2,13,13
943,6,1,3,11,8,16,11,2,14,18,18,2,13,14
944,8,2,3,10,19,17,12,5,17,25,24,4,19,15
945,9,3,4,10,16,16,13,4,15,22,21,4,15,15
946,12,4,7,13,22,16,12,2,12,19,24,7,19,17
947,23,8,11,15,13,18,11,2,14,13,22,5,19,18
948,29,29,27,22,9,14,9,1,8,3,25,23,23,23
949,28,27,27,21,11,15,9,0,7,6,25,16,22,21
950,25,15,7,12,6,17,12,3,8,5,20,5,13,18
951,24,9,4,10,4,17,13,12,16,12,19,3,12,17
952,21,5,12,11,4,16,11,5,12,20,24,7,15,17
953,8,3,4,10,4,17,10,4,12,21,22,3,13,15
954,6,2,6,10,5,17,11,4,11,12,14,2,8,14
955,11,3,15,13,15,19,10,8,15,17,22,4,12,16
956,8,3,10,15,23,20,10,11,14,21,24,5,17,16
957,5,1,6,14,10,17,8,20,14,19,22,3,14,14
958,4,1,5,15,8,18,8,23,14,16,19,2,13,13
959,4,0,3,11,5,14,9,18,11,8,20,2,10,13
960,4,0,3,9,12,15,9,22,12,14,23,4,10,13
961,4,1,3,9,4,14,8,6,8,5,15,2,7,13
962,4,2,5,11,6,16,8,7,10,5,12,2,6,13
963,2,1,2,9,3,14,8,7,9,1,6,1,5,11
964,3,0,4,10,2,14,9,16,11,5,13,2,6,12
965,2,0,2,9,1,10,9,12,9,6,10,1,6,11
966,4,0,6,13,2,12,9,17,12,10,11,1,7,13
967,4,0,15,14,3,14,9,20,12,10,13,2,8,13
968,3,0,8,14,1,10,8,3,8,3,9,1,7,11
969,4,1,3,10,3,9,7,2,8,6,7,1,9,13
970,2,0,1,8,1,8,7,1,7,6,3,0,6,11
971,1,0,0,7,0,7,7,1,6,4,1,0,5,11
972,2,0,3,8,0,6,8,2,6,6,2,1,6,12
973,3,1,2,9,3,8,9,3,8,13,3,0,7,12
974,4,2,4,11,2,7,8,2,8,13,4,1,8,13
975,5,3,6,12,4,7,7,3,10,24,6,1,10,14
976,5,3,16,14,4,8,8,4,9,11,4,2,8,14
977,6,3,23,16,6,10,9,5,9,8,4,3,8,14
978,5,2,10,13,5,8,9,4,8,9,5,2,7,13
979,5,2,4,10,4,7,8,2,8,10,6,1,8,13
980,4,1,6,9,2,6,7,4,8,14,7,1,9,13
981,4,2,4,9,3,7,8,2,7,7,4,0,8,13
982,6,2,14,11,4,9,9,8,13,25,14,2,14,15
983,5,2,22,12,6,11,10,9,13,24,12,3,13,15
984,3,1,13,11,2,10,8,4,11,15,5,1,9,13
985,4,2,19,13,4,10,8,4,9,6,3,1,7,13
986,6,11,22,17,8,13,8,4,11,17,5,1,12,14
987,5,5,9,13,5,12,9,3,9,9,4,1,8,13
988,10,15,16,11,7,15,11,15,14,21,5,1,8,15
989,21,23,25,12,5,14,11,8,10,18,4,3,8,17
990,16,24,24,13,6,16,12,18,14,22,1,4,8,17
991,21,26,25,14,6,16,11,19,15,22,0,4,11,18
992,18,25,26,13,5,16,10,13,13,21,0,4,10,18
993,15,22,27,13,4,15,10,17,13,17,0,4,9,17
994,16,21,27,16,6,16,10,16,15,17,0,5,11,17
995,15,19,27,19,7,17,10,12,14,12,0,7,11,16
996,14,15,26,16,8,14,8,4,10,5,0,3,10,15
997,12,14,16,11,6,15,9,8,15,17,0,4,13,15
998,14,17,21,11,6,16,11,16,16,24,0,6,15,16
999,17,10,25,12,9,17,13,24,19,25,0,7,15,16
1000,7,5,14,11,7,16,11,24,18,23,0,3,10,14
1001,6,4,16,10,5,15,11,18,15,23,0,5,11,15
1002,5,3,10,11,4,14,9,4,9,9,0,3,11,15
1003,9,6,26,15,8,15,9,4,12,21,0,9,14,17
1004,7,6,19,17,7,15,8,5,11,18,0,6,16,16
1005,13,8,25,18,14,16,10,7,12,15,0,9,15,16
1006,22,12,25,15,23,19,11,10,13,23,1,10,17,17
1007,20,15,26,15,21,19,12,25,19,26,3,11,18,17
1008,9,6,18,11,6,15,10,22,15,24,2,5,14,16
1009,10,6,23,12,9,15,11,22,15,25,3,8,18,17
1010,7,7,12,12,9,15,9,8,11,22,1,4,14,15
1011,15,8,27,15,8,16,11,23,17,24,5,22,19,18
1012,8,5,24,14,5,16,12,24,16,20,2,10,10,16
1013,3,3,4,12,3,13,10,14,15,10,1,2,8,13
1014,5,4,10,14,4,12,9,5,11,5,1,5,8,14
1015,2,2,2,8,1,11,9,4,11,12,1,2,8,13
1016,3,3,3,8,2,10,8,2,9,7,1,2,7,13
1017,6,7,6,10,5,11,8,4,11,12,2,3,11,15
1018,2,4,2,9,4,12,8,5,11,8,2,1,8,13
1019,4,7,5,11,6,13,9,8,13,21,6,4,15,15
1020,3,5,4,10,2,13,8,24,19,21,5,3,11,14
1021,3,3,5,11,1,11,9,23,16,10,4,2,10,12
1022,3,3,6,12,2,10,9,14,10,3,2,1,7,11
1023,5,6,7,15,5,15,9,15,14,6,3,3,11,12
1024,9,9,6,12,4,15,12,25,16,9,6,4,11,13
1025,17,21,10,12,5,18,11,23,16,8,9,5,12,13
1026,9,22,6,12,12,21,12,21,16,15,7,3,12,12
1027,12,24,9,13,10,21,12,24,18,13,11,9,13,14
1028,10,23,9,12,13,21,12,22,18,15,10,6,11,13
1029,9,20,9,13,12,21,13,23,19,11,9,4,9,12
1030,4,14,3,13,7,19,10,20,17,9,8,2,9,10
1031,5,8,7,15,7,20,13,24,21,17,16,6,10,11
1032,4,3,6,18,6,20,10,10,18,6,8,4,8,11
1033,5,0,7,18,5,21,12,11,19,8,15,4,11,11
1034,5,0,3,13,8,20,14,19,20,10,21,5,10,11
1035,6,0,4,13,12,21,12,6,18,8,16,5,8,12
1036,6,0,4,12,7,20,11,10,19,14,22,6,10,13
1037,9,0,6,15,14,20,11,17,22,24,24,8,18,15
1038,24,0,1,29,24,29,29,24,29,4,26,23,0,29
1039,7,0,14,16,9,19,12,8,20,13,20,14,11,14
1040,6,1,8,19,13,20,10,8,19,13,14,4,8,12
1041,8,1,9,20,18,21,10,6,21,19,18,5,10,13
1042,18,5,25,22,20,20,10,15,21,17,16,21,10,14
1043,18,4,23,21,23,19,11,15,21,12,20,21,9,14
1044,15,5,4,17,23,18,10,8,19,12,20,4,8,13
1045,23,19,22,20,26,21,14,22,22,25,26,13,17,15
1046,20,12,19,20,25,21,13,25,23,25,24,10,14,15
1047,16,8,13,18,23,21,14,22,21,20,22,7,11,14
1048,18,16,20,19,24,19,13,20,20,22,23,8,12,15
1049,21,22,23,20,24,18,11,18,19,18,24,10,11,15
1050,17,20,23,21,25,21,16,25,22,23,24,7,10,15
1051,22,23,25,22,26,21,15,24,22,18,23,8,11,16
1052,24,24,27,23,26,22,15,24,22,23,26,18,16,16
1053,19,16,9,19,24,22,16,19,19,17,25,4,9,14
1054,22,22,20,19,26,22,15,13,18,18,24,6,11,15
1055,19,6,17,17,22,22,15,24,21,26,26,11,19,17
1056,19,4,10,16,23,22,14,26,22,27,27,25,22,18
1057,23,7,24,18,23,22,12,26,22,27,27,25,22,18
1058,24,8,26,19,25,22,15,27,23,28,27,27,23,19
1059,23,5,26,20,24,21,13,24,19,26,26,26,21,18
1060,23,12,27,22,27,22,15,27,23,28,27,27,23,18
1061,25,17,28,23,27,23,15,26,21,27,28,28,24,19
1062,25,15,27,21,28,24,19,28,23,28,28,28,24,19
1063,26,20,26,20,28,24,19,28,24,28,28,28,25,20
1064,26,22,27,20,28,24,19,28,24,29,29,28,25,21
1065,26,23,27,20,28,24,20,28,24,29,29,28,25,21
1066,29,29,29,25,29,28,25,29,28,29,29,29,28,24
1067,29,29,29,27,29,28,27,29,28,29,29,29,29,25
1068,29,29,29,27,29,28,27,29,29,29,29,29,29,25
1069,29,29,29,27,29,28,27,29,29,29,29,29,29,25
1070,29,29,29,27,29,28,27,29,28,29,29,29,29,25
1071,29,29,29,27,29,28,27,29,28,29,29,29,29,25
1072,29,29,29,26,29,28,27,29,28,29,29,29,29,25
1073,29,29,29,26,29,28,26,29,28,29,29,29,28,25
1074,29,29,29,26,29,28,26,29,28,29,29,29,28,25
1075,29,29,29,25,29,28,26,29,28,29,29,29,28,24
1076,29,29,29,25,29,28,26,29,28,29,29,29,28,24
1077,28,29,29,25,29,27,25,29,27,29,29,29,27,23
1078,28,29,29,25,29,27,25,29,27,29,29,29,28,23
1079,29,29,29,25,29,27,24,29,27,29,29,29,28,24
1080,29,29,29,25,29,27,24,29,27,29,29,29,28,23
1081,28,28,29,23,29,26,24,29,26,29,29,29,27,22
1082,28,28,29,23,29,26,24,29,25,29,29,29,27,22
1083,29,28,29,24,29,26,24,29,26,29,29,29,28,23
1084,28,28,29,23,28,26,24,29,25,29,29,29,27,23
1085,28,28,29,23,28,26,24,29,25,29,29,29,27,23
1086,28,28,29,23,29,26,24,29,26,29,29,29,27,23
1087,28,28,29,23,28,26,24,29,25,29,29,28,26,22
1088,27,27,29,22,28,25,23,28,23,28,27,26,24,20
1089,27,27,29,22,28,25,23,28,23,27,28,27,24,20
1090,27,27,29,19,28,24,22,28,22,28,28,24,24,20
1091,28,28,29,20,28,24,22,28,22,28,28,27,25,21
1092,27,26,29,19,27,24,22,28,21,28,28,28,24,21
1093,27,27,28,20,28,24,21,28,21,27,28,28,24,21
1094,26,26,28,19,27,23,21,27,20,27,28,28,23,20
1095,27,27,28,21,28,23,21,28,22,28,28,28,25,21
1096,25,24,28,19,25,23,21,27,20,26,27,26,21,19
1097,25,25,27,20,27,23,21,28,20,26,27,25,22,19
1098,24,21,25,18,25,22,20,28,20,25,24,26,21,18
1099,25,24,24,17,26,22,20,28,19,26,24,25,22,19
1100,22,22,20,15,24,21,19,27,18,26,16,24,21,18
1101,20,22,24,15,23,21,19,26,16,23,7,22,19,18
1102,22,26,20,18,26,22,19,27,18,25,8,24,21,19
1103,24,26,26,18,27,22,19,28,22,28,22,27,24,20
1104,24,27,26,20,26,23,18,28,22,28,22,27,24,20
1105,17,26,24,19,24,22,17,24,15,17,3,13,19,18
1106,29,29,28,24,24,20,17,18,10,7,6,27,24,24
1107,29,29,29,25,26,16,16,10,10,12,23,28,27,26
1108,29,29,29,23,27,16,16,9,13,26,28,28,28,26
1109,29,29,29,22,27,19,19,26,22,29,29,29,29,27
1110,29,27,29,20,27,20,19,27,24,29,29,29,29,26
1111,29,19,28,18,27,21,20,27,23,29,29,29,29,26
1112,29,10,28,18,28,22,22,28,25,29,29,29,29,25
1113,28,5,28,17,28,22,22,28,24,29,29,28,28,24
1114,27,3,27,16,27,23,22,29,24,29,29,28,28,24
1115,26,2,28,18,27,22,21,29,24,29,28,27,27,23
1116,20,1,26,17,27,22,21,28,23,28,28,26,27,22
1117,16,1,21,14,27,22,20,28,22,27,27,23,25,21
1118,19,2,20,12,28,21,20,27,22,28,28,26,26,22
1119,17,2,25,13,28,22,21,27,22,28,28,26,26,21
1120,7,1,19,11,27,22,21,27,21,26,27,23,24,19
1121,4,0,12,10,26,21,21,26,20,24,24,9,22,17
1122,8,2,23,14,28,23,22,27,22,26,26,18,23,19
1123,25,15,26,19,28,22,22,26,19,24,26,24,23,21
1124,26,22,27,20,27,20,22,26,20,25,27,26,25,22
1125,26,23,28,21,28,21,22,27,21,25,27,27,24,22
1126,23,9,23,17,27,21,23,27,18,23,27,24,23,20
1127,23,9,21,13,27,21,22,26,17,23,27,25,23,21
1128,20,11,21,14,27,21,22,25,14,19,26,22,21,19
1129,21,16,23,15,28,20,23,26,19,26,27,24,23,20
1130,22,16,26,16,28,21,24,27,21,26,27,23,23,20
1131,17,8,25,14,26,19,23,25,16,19,25,20,20,19
1132,23,18,27,18,27,20,23,22,15,22,27,24,22,20
1133,27,25,28,21,27,20,22,25,18,22,28,27,24,22
1134,27,26,28,22,27,21,23,24,18,24,28,27,24,22
1135,26,24,27,21,27,21,23,25,17,22,27,25,22,21
1136,25,13,25,16,27,22,24,26,20,25,28,25,23,21
1137,25,2,25,11,22,18,23,23,17,23,27,25,22,21
1138,23,1,23,11,23,17,23,20,13,10,26,22,20,20
1139,19,1,19,11,22,18,23,22,15,6,23,10,12,19
1140,7,0,6,10,12,15,22,7,8,1,8,3,6,16
1141,6,1,12,11,17,14,22,8,10,1,11,4,5,16
1142,4,0,13,12,11,15,22,11,9,1,5,3,4,14
1143,6,2,15,17,25,19,21,15,13,3,8,3,7,15
1144,5,2,12,16,26,20,21,20,15,11,19,3,9,14
1145,5,2,4,11,25,20,22,24,19,17,21,2,8,15
1146,3,1,7,10,22,18,22,16,11,4,12,4,6,14
1147,6,4,20,13,27,22,23,27,21,23,24,17,9,17
1148,7,10,13,15,27,20,22,24,19,24,26,10,15,17
1149,5,6,14,15,24,17,21,15,13,13,23,5,9,16
1150,23,24,26,27,27,3,0,26,29,3,26,2,29,24
1151,4,5,15,15,19,18,20,22,18,17,23,5,9,16
1152,14,25,18,20,26,20,21,9,11,7,22,4,9,17
1153,22,27,24,22,27,17,19,3,8,3,10,4,5,16
1154,19,26,7,18,25,17,20,4,9,6,14,3,5,15
1155,21,26,18,18,26,19,21,18,12,9,10,4,5,16
1156,18,25,16,18,25,19,20,14,11,8,11,4,6,17
1157,16,25,17,19,26,18,18,6,9,5,9,3,6,17
1158,7,24,3,17,24,15,16,4,7,6,6,0,6,15
1159,8,24,4,18,24,15,19,6,8,5,6,0,6,15
1160,10,23,20,19,18,15,19,10,9,4,6,1,6,15
1161,7,22,16,19,23,18,19,7,9,5,6,1,7,14
1162,8,22,20,19,23,15,17,3,7,2,5,2,6,14
1163,11,23,7,15,24,16,18,4,9,4,12,2,8,15
1164,8,24,4,14,25,18,17,2,9,7,10,0,10,15
1165,9,25,6,13,25,21,19,9,13,10,14,1,12,16
1166,16,26,13,17,26,21,19,8,13,11,18,2,13,18
1167,22,22,19,17,27,21,19,17,19,26,27,9,25,21
1168,27,27,29,22,29,24,23,27,23,28,29,28,27,23
1169,29,29,29,25,29,27,25,29,27,29,29,29,28,24
1170,29,29,29,26,29,27,26,29,27,29,29,29,28,25
1171,29,29,29,26,29,28,26,29,28,29,29,29,28,25
1172,29,29,29,26,29,28,26,29,27,29,29,29,28,25
1173,29,29,29,25,29,28,26,29,28,29,29,29,28,25
1174,29,29,29,25,29,28,27,29,28,29,29,29,28,25
1175,29,28,29,25,29,27,27,29,28,29,29,29,28,25
1176,29,28,29,25,29,27,27,29,28,29,29,29,28,25
1177,29,29,29,26,29,27,26,29,28,29,29,29,28,25
1178,29,28,29,26,29,27,26,29,27,29,29,29,28,25
1179,29,28,29,26,29,27,26,29,27,29,29,29,28,24
1180,29,28,29,26,29,27,26,29,27,29,29,29,28,24
1181,28,28,29,25,29,27,26,29,27,29,29,29,28,23
1182,29,28,29,25,29,27,26,29,27,29,29,29,28,24
1183,29,28,29,25,29,27,26,29,27,29,29,29,28,24
1184,29,29,29,25,29,27,26,29,27,29,29,29,27,24
1185,29,29,29,26,29,26,25,29,26,29,28,29,27,24
1186,29,29,29,26,29,26,25,29,26,29,27,29,26,24
1187,29,29,29,26,29,26,25,29,27,29,27,29,25,23
1188,29,28,29,25,29,26,25,29,26,29,22,29,22,22
1189,29,27,29,25,29,26,25,29,26,29,23,29,23,22
1190,29,24,29,24,29,26,25,29,26,29,23,29,21,21
1191,28,25,29,23,29,26,25,29,26,29,25,29,23,22
1192,28,23,29,23,29,25,24,29,26,29,23,28,23,21
1193,27,20,29,22,29,25,24,29,25,28,13,28,22,19
1194,25,12,28,21,29,25,23,29,25,26,8,28,20,18
1195,26,23,29,23,29,25,24,29,26,28,17,28,23,19
1196,26,26,28,23,29,25,24,29,26,28,24,28,25,20
1197,26,25,28,24,29,25,23,29,25,28,23,28,25,20
1198,26,26,28,24,29,25,23,28,25,26,21,27,24,20
1199,26,26,28,23,29,24,23,28,25,27,26,28,26,21
1200,23,26,26,20,29,24,23,29,25,28,27,26,26,21
1201,24,26,27,21,29,25,23,29,26,28,27,27,26,21
1202,24,27,28,22,29,25,24,29,27,29,28,28,27,20
1203,18,28,27,22,29,25,24,29,26,29,27,27,26,18
1204,14,28,27,22,29,24,23,29,25,28,26,27,24,16
1205,4,28,27,23,29,25,23,29,24,28,24,25,22,12
1206,2,28,27,23,29,25,24,29,25,26,11,25,12,9
1207,1,28,26,24,29,25,23,29,24,24,7,16,9,8
1208,1,28,26,24,29,25,23,28,22,11,6,8,9,8
1209,1,28,7,21,29,24,22,27,20,8,6,2,8,7
1210,1,27,14,20,29,24,21,27,20,14,10,5,12,9
1211,1,26,21,20,29,24,22,27,22,22,23,12,21,11
1212,3,25,23,19,29,24,22,28,23,27,27,20,23,13
1213,4,26,25,20,29,24,22,28,23,26,27,24,24,14
1214,14,28,28,23,29,25,22,29,22,26,27,26,24,16
1215,26,29,28,24,29,24,22,28,21,12,25,27,18,18
1216,22,28,28,24,29,24,22,28,21,9,24,27,17,15
1217,10,27,26,23,28,24,22,28,21,6,17,22,11,13
1218,16,27,24,22,28,23,22,29,21,8,24,22,14,13
1219,21,27,26,22,28,23,22,29,19,9,25,25,18,14
1220,21,27,26,22,28,23,23,29,20,20,25,24,19,14
1221,24,27,27,23,28,23,23,29,22,25,27,26,23,16
1222,23,28,27,23,29,24,22,29,22,24,25,23,18,15
1223,4,29,19,24,29,24,21,29,14,4,2,2,2,7
1224,3,29,22,24,29,23,20,29,13,2,1,1,2,7
1225,6,29,26,24,28,22,19,28,10,2,3,6,3,9
1226,3,28,22,24,28,22,17,28,10,1,2,3,3,8
1227,6,28,11,22,29,23,19,28,14,4,4,4,3,9
1228,8,26,14,20,28,23,20,28,16,12,20,7,9,12
1229,22,7,25,20,27,22,21,28,16,23,27,26,25,18
1230,17,8,22,19,27,21,20,28,18,24,27,26,25,17
1231,18,6,17,17,25,20,20,28,16,20,26,25,24,18
1232,15,6,20,19,25,21,19,28,14,16,26,24,24,17
1233,17,5,21,19,24,21,19,28,18,25,27,27,24,18
1234,18,6,24,21,27,22,19,28,20,26,26,26,24,17
1235,23,10,26,22,27,22,19,28,18,24,27,27,25,19
1236,16,4,18,20,24,20,19,27,15,10,25,23,23,16
1237,23,5,23,17,25,21,20,27,17,22,27,27,23,18
1238,19,6,24,18,25,21,21,27,17,23,26,25,22,17
1239,17,5,22,18,25,21,20,27,17,24,25,25,22,17
1240,10,5,12,17,22,19,19,27,18,23,24,20,21,16
1241,15,5,16,17,24,20,18,28,19,24,23,17,22,16
1242,10,6,18,19,26,19,18,26,16,22,24,21,22,16
1243,12,6,25,21,27,19,19,27,18,23,23,22,20,15
1244,8,5,20,21,27,19,17,27,20,24,25,21,22,14
1245,17,8,26,22,26,18,18,27,20,25,26,25,23,15
1246,13,6,23,21,27,19,20,27,19,25,26,23,23,14
1247,20,7,24,18,27,20,20,27,19,25,27,25,23,15
1248,18,13,22,19,27,20,19,27,22,27,27,22,24,15
1249,7,5,11,17,18,13,15,8,9,9,22,7,16,13
1250,5,3,9,15,6,13,14,7,7,4,14,5,13,12
1251,5,2,15,16,7,12,15,6,7,4,7,4,9,12
1252,5,4,11,19,22,14,16,6,8,6,7,3,11,12
1253,5,2,20,19,23,18,18,13,11,5,6,4,10,12
1254,7,3,24,21,24,19,18,23,13,6,10,11,13,13
1255,3,1,4,18,23,18,17,25,15,7,9,4,15,12
1256,4,1,3,15,23,20,18,23,16,11,9,1,12,12
1257,1,4,1,14,26,20,18,15,13,6,4,0,7,10
1258,1,7,1,15,25,18,17,14,12,12,4,0,8,9
1259,1,9,2,15,26,19,18,24,17,8,5,1,7,9
1260,2,8,4,14,25,19,18,23,16,15,8,2,11,10
1261,2,9,4,15,27,20,16,6,12,6,5,0,9,10
1262,3,13,9,18,26,18,17,6,11,6,9,2,14,11
1263,3,12,4,18,26,19,18,20,17,6,5,1,13,10
1264,4,10,9,20,26,17,17,13,14,7,8,2,17,11
1265,3,8,8,19,28,20,17,14,17,8,8,3,18,11
1266,4,8,3,14,27,19,16,9,14,6,9,2,17,12
1267,5,9,5,14,27,21,17,23,18,15,11,5,17,13
1268,14,22,8,16,27,21,18,23,18,18,12,6,19,16
1269,29,29,28,23,25,15,14,7,9,2,24,27,26,25
1270,29,29,29,25,27,15,17,12,11,4,28,29,28,27
1271,29,29,29,25,26,12,15,6,9,6,29,29,28,27
1272,29,29,29,24,26,12,13,2,9,11,28,29,28,25
1273,28,27,28,23,27,19,16,7,17,23,27,27,26,22
1274,25,18,27,22,27,21,19,26,22,24,24,25,25,18
1275,21,6,26,21,26,19,18,26,21,24,24,23,24,15
1276,11,3,14,14,26,19,19,26,18,21,25,13,23,14
1277,8,2,16,12,26,17,18,24,16,12,23,8,21,13
1278,5,3,5,12,26,18,16,23,16,16,22,3,20,13
1279,4,3,6,12,23,17,17,22,13,6,17,5,17,12
1280,3,3,4,13,20,17,17,15,12,5,13,2,14,11
1281,5,4,6,15,24,17,16,13,13,5,13,3,14,11
1282,3,3,5,14,17,16,15,10,12,5,10,3,14,11
1283,4,4,10,17,23,19,17,21,18,10,18,5,15,11
1284,5,6,22,19,23,18,16,17,16,8,22,8,18,12
1285,4,3,10,17,20,15,14,9,13,4,21,8,15,11
1286,6,6,8,15,23,14,12,4,11,6,24,8,19,13
1287,4,5,5,13,20,15,15,7,11,6,13,3,12,11
1288,5,5,11,13,13,15,15,8,11,5,16,5,13,13
1289,6,7,14,14,21,16,14,6,11,7,20,6,13,13
1290,6,13,21,17,26,19,17,11,16,13,23,9,17,14
1291,4,8,9,17,22,17,13,9,17,11,17,5,16,13
1292,4,5,19,16,14,17,15,12,16,6,6,8,10,13
1293,26,26,26,21,19,15,13,2,10,2,9,15,19,19
1294,29,29,29,25,22,16,12,1,8,1,24,27,25,24
1295,29,29,28,23,18,14,12,1,9,2,26,28,27,26
1296,29,29,29,23,11,11,11,0,8,4,27,28,27,26
1297,29,28,28,22,14,11,10,0,8,3,11,27,25,23
1298,26,24,26,18,13,12,11,0,9,3,2,19,13,18
1299,8,5,14,13,11,14,14,1,9,2,0,5,7,13
1300,4,4,10,15,23,15,13,3,10,6,1,4,9,12
1301,2,1,13,13,15,17,14,8,13,4,0,4,7,10
1302,1,0,4,12,6,15,12,6,10,1,0,2,5,9
1303,2,1,19,16,17,17,12,6,12,2,0,6,6,10
1304,1,1,5,12,22,19,14,22,19,6,2,6,9,10
1305,2,1,3,10,19,18,15,23,21,13,4,6,8,11
1306,1,1,2,9,9,15,12,19,18,4,3,3,7,10
1307,2,1,3,10,7,14,11,13,13,2,2,2,7,11
1308,1,1,3,10,5,12,11,5,11,1,2,2,6,10
1309,1,2,4,11,4,10,11,7,11,2,1,2,5,10
1310,2,3,6,13,6,12,11,10,13,2,1,3,5,10
1311,1,2,4,13,4,12,10,11,13,1,0,1,4,9
1312,1,1,4,13,3,11,11,6,9,0,0,1,4,8
1313,1,3,6,17,7,13,15,7,11,0,0,2,4,9
1314,3,6,5,15,22,14,18,19,15,5,2,4,6,10
1315,4,9,8,13,24,16,18,24,19,14,6,8,9,11
1316,3,8,8,12,23,17,19,25,18,7,4,6,7,11
1317,0,25,24,0,6,0,6,27,26,25,19,22,0,0
1318,3,14,7,14,23,12,17,14,13,4,3,3,7,11
1319,4,22,19,16,25,17,18,25,18,9,7,7,9,12
1320,5,15,25,16,21,16,17,24,18,5,7,20,7,12
1321,3,7,15,17,15,13,14,13,12,3,5,5,7,11
1322,4,12,20,19,23,15,13,8,13,3,7,6,8,13
1323,4,9,14,18,20,13,17,9,13,3,10,8,9,13
1324,2,6,3,11,10,12,12,3,9,2,4,1,6,11
1325,1,2,2,11,2,9,13,6,11,2,4,1,5,11
1326,3,4,5,13,3,8,12,8,12,2,10,5,7,13
1327,1,4,3,13,6,10,12,6,13,2,7,3,6,11
1328,2,4,4,14,6,10,10,3,9,1,6,2,5,11
1329,2,6,7,17,8,13,13,16,15,4,10,5,7,12
1330,6,21,22,21,26,19,17,23,21,14,23,14,10,14
1331,4,17,25,21,25,17,14,19,18,5,22,9,10,13
1332,6,21,24,21,26,19,17,19,20,8,23,11,10,14
1333,6,21,8,17,25,20,20,25,21,9,23,7,9,15
1334,6,23,17,17,25,18,20,22,18,5,23,11,8,17
1335,4,10,12,15,21,16,21,26,19,4,17,8,6,15
1336,4,12,6,16,21,15,19,24,18,3,20,6,7,15
1337,4,13,8,16,21,16,17,22,18,4,19,4,7,15
1338,3,9,3,17,15,14,15,8,15,2,16,2,8,13
1339,3,6,5,17,7,12,12,3,9,0,7,3,6,13
1340,3,6,8,17,12,12,11,4,13,2,9,4,6,13
1341,6,17,19,21,22,13,11,4,11,1,9,5,9,14
1342,9,16,24,20,24,14,13,12,16,4,25,21,17,16
1343,9,6,16,15,23,16,14,19,18,11,26,21,21,17
1344,10,6,25,16,22,16,14,22,16,9,26,26,20,18
1345,7,4,25,14,20,17,14,22,19,14,25,24,19,17
1346,3,2,9,11,10,17,13,20,16,5,20,8,13,13
1347,26,26,25,18,7,14,10,7,11,2,23,19,18,21
1348,23,25,22,17,5,13,10,4,12,2,13,4,12,18
1349,8,9,19,16,4,12,10,3,10,2,7,5,8,15
1350,5,5,18,16,4,13,10,9,13,5,18,7,13,13
1351,4,6,5,17,6,14,9,2,9,1,7,2,10,11
1352,6,6,9,15,6,13,12,5,9,1,11,4,12,11
1353,5,6,6,13,8,15,12,4,9,3,13,4,13,11
1354,7,5,10,15,12,15,12,3,9,4,21,7,18,13
1355,6,5,12,14,8,14,12,3,8,3,15,5,14,12
1356,4,3,8,13,5,14,11,3,9,2,9,5,10,12
1357,7,5,20,16,10,15,11,8,14,10,20,8,17,12
1358,8,6,23,19,19,18,13,6,15,13,22,21,19,12
1359,5,3,16,16,6,16,11,5,13,7,19,6,19,12
1360,4,1,21,16,5,15,12,6,14,7,18,7,19,12
1361,3,1,4,11,6,18,13,15,16,5,8,5,10,10
1362,4,3,7,11,9,18,16,15,17,14,20,11,16,12
1363,4,3,7,10,7,17,15,18,19,13,17,5,16,11
1364,5,4,6,10,5,14,12,5,15,5,12,5,14,12
1365,7,10,17,12,9,15,13,2,14,5,17,11,12,14
1366,7,15,11,13,5,11,10,1,13,4,6,3,8,12
1367,7,14,15,16,5,13,11,5,16,5,5,5,7,11
1368,5,12,5,16,6,15,15,10,20,5,5,3,7,11
1369,5,12,4,16,4,13,14,9,18,5,13,5,11,11
1370,5,11,7,16,4,10,12,5,15,3,13,6,10,11
1371,5,13,3,12,9,17,16,25,22,15,23,6,12,11
1372,5,23,3,11,7,15,12,7,20,18,18,3,9,11
1373,6,26,10,13,16,16,13,3,16,8,13,5,9,12
1374,9,28,21,16,23,19,15,20,21,24,22,8,14,13
1375,12,28,23,16,22,20,15,24,21,23,23,18,15,14
1376,9,28,24,16,24,21,15,21,21,23,19,12,13,13
1377,13,28,26,18,22,19,13,13,20,21,22,24,18,14
1378,14,28,25,20,25,20,16,13,22,23,21,20,17,14
1379,11,28,26,21,25,20,15,10,21,19,19,20,19,14
1380,11,28,22,21,24,20,17,10,20,10,5,7,16,13
1381,14,28,17,18,26,21,17,23,23,25,9,14,22,15
1382,12,28,19,15,22,19,17,12,18,12,5,12,18,14
1383,15,28,23,16,18,17,14,4,14,11,10,20,19,16
1384,7,28,11,16,18,16,12,1,13,4,6,5,17,13
1385,4,28,4,14,23,16,15,3,15,4,4,2,10,12
1386,13,28,20,19,27,21,17,2,18,9,13,6,19,14
1387,15,29,25,20,26,22,17,3,22,20,23,18,21,16
1388,9,28,21,19,24,20,16,2,19,7,12,6,16,14
1389,9,28,21,20,23,19,13,1,16,4,11,7,15,14
1390,14,28,20,19,25,19,15,3,20,9,19,10,19,14
1391,18,28,15,14,26,18,15,3,19,11,16,12,20,14
1392,11,28,15,13,27,19,15,2,15,5,5,7,14,13
1393,15,28,23,16,28,19,15,2,17,10,7,18,19,16
1394,13,28,21,16,27,20,13,2,19,12,5,9,19,14
1395,13,28,19,18,28,20,15,2,18,9,4,7,20,13
1396,12,28,21,17,23,18,14,2,14,3,2,9,18,12
1397,9,28,18,18,18,18,13,2,14,2,2,5,17,12
1398,9,28,20,19,25,20,13,2,12,2,4,8,20,13
1399,19,29,23,21,27,21,16,10,22,21,11,12,23,16
1400,21,28,17,20,27,21,17,7,20,20,17,15,23,16
1401,17,28,5,16,26,19,15,4,18,15,14,5,21,16
1402,23,28,20,17,25,19,17,4,18,12,20,13,22,18
1403,23,28,20,18,26,20,18,10,21,22,24,17,23,18
1404,20,28,14,15,18,19,17,10,19,9,14,8,19,15
1405,12,28,6,14,10,18,16,3,13,2,6,3,13,13
1406,20,29,17,18,25,20,19,4,14,4,9,5,18,14
1407,18,28,18,19,21,19,18,2,10,1,5,4,13,13
1408,19,28,21,20,22,18,16,1,10,1,6,6,16,14
1409,10,28,5,20,24,18,14,0,7,0,4,2,13,13
1410,12,28,7,18,22,18,17,2,9,0,7,4,12,13
1411,13,28,8,14,22,19,19,4,13,2,12,5,14,14
1412,20,28,16,14,22,19,18,5,15,5,23,16,20,17
1413,10,27,7,14,17,18,18,4,14,4,20,8,17,15
1414,12,27,5,15,21,18,18,5,15,3,20,8,17,16
1415,17,28,7,16,22,20,18,11,21,10,23,13,22,17
1416,9,28,7,17,22,20,18,20,21,18,24,11,22,16
1417,3,26,4,16,18,19,18,17,21,6,8,2,13,12
1418,8,27,17,19,20,19,18,13,20,6,17,8,21,13
1419,7,26,10,18,8,15,16,4,15,3,8,7,19,14
1420,6,24,4,15,9,15,16,2,11,1,5,4,13,12
1421,8,24,4,12,8,16,18,3,13,3,10,5,18,13
1422,22,27,18,17,25,15,17,5,19,20,24,24,23,18
1423,26,28,27,19,26,16,15,2,13,8,25,27,24,19
1424,28,29,26,21,24,13,12,0,8,1,12,23,20,21
1425,29,29,28,24,23,9,10,0,7,1,23,28,24,24
1426,29,29,28,24,23,10,10,0,8,2,26,28,27,25
1427,29,29,29,24,24,12,11,0,10,5,28,28,28,25
1428,29,29,29,24,24,11,12,0,7,3,28,28,28,25
1429,29,29,29,23,24,12,12,1,15,17,28,28,28,25
1430,29,27,27,19,14,12,14,2,18,23,29,28,28,25
1431,29,23,28,16,8,10,13,4,19,25,29,29,28,25
1432,28,5,25,11,5,11,12,3,17,23,28,27,28,24
1433,27,3,16,10,7,16,17,23,23,27,28,26,27,22
1434,22,0,10,9,4,17,18,26,24,26,27,24,26,20
1435,12,0,6,10,7,18,17,25,23,26,26,16,25,19
1436,5,0,4,10,5,15,16,23,21,17,18,6,23,16
1437,6,0,9,11,9,19,16,27,24,25,25,16,24,17
1438,4,1,5,12,8,18,14,24,23,23,22,8,23,15
1439,5,2,4,14,12,18,14,15,19,7,17,4,21,13
1440,4,1,1,9,8,17,14,15,20,7,16,2,17,12
1441,7,3,3,9,22,19,15,18,21,17,24,5,21,15
1442,7,3,3,9,22,19,12,16,21,14,22,4,20,14
1443,4,4,2,9,24,19,14,22,21,19,23,3,20,13
1444,3,2,2,8,17,19,17,24,22,22,22,4,19,13
1445,1,3,0,9,17,17,11,13,20,8,8,1,16,10
1446,2,6,3,10,7,13,11,4,9,1,3,1,6,10
1447,3,27,2,17,19,17,12,10,13,2,2,1,5,9
1448,3,27,3,18,9,15,10,4,7,0,0,1,3,8
1449,0,27,0,19,10,13,10,2,6,0,0,0,1,6
1450,0,23,0,10,3,12,11,4,6,0,0,0,1,6
1451,0,22,0,9,5,14,11,3,6,0,0,0,1,5
1452,0,26,0,12,17,17,11,6,8,0,0,0,2,7
1453,0,23,0,11,7,15,11,5,8,0,0,0,2,6
1454,0,27,0,13,9,16,11,3,7,0,0,0,2,7
1455,0,26,0,12,5,14,11,3,7,0,0,0,2,6
1456,0,27,0,15,7,14,11,3,7,0,0,0,2,7
1457,0,26,0,15,5,15,10,2,6,0,0,0,3,7
1458,0,26,0,17,4,15,9,3,7,0,0,0,4,7
1459,0,26,0,15,12,14,12,4,9,0,1,0,4,7
1460,2,27,0,14,24,17,15,10,11,2,3,0,6,9
1461,2,27,1,16,22,14,14,5,9,1,3,0,7,10
1462,3,26,2,15,7,10,12,2,6,0,2,0,6,10
1463,1,27,0,13,6,9,11,2,6,0,0,0,3,8
1464,1,26,0,12,4,9,12,2,6,0,0,0,2,8
1465,2,26,1,15,4,10,15,15,8,0,1,0,3,9
1466,2,25,2,17,3,9,15,12,8,0,1,1,4,9
1467,2,26,1,19,3,9,15,6,7,0,1,0,4,9
1468,3,26,2,20,4,10,15,6,7,0,1,1,4,9
1469,3,19,1,12,1,10,18,7,7,0,4,1,6,10
1470,5,22,1,12,3,11,15,20,11,1,6,1,8,12
1471,4,21,1,11,1,9,14,17,9,2,8,1,10,12
1472,4,23,1,12,3,11,16,22,10,1,7,0,10,11
1473,4,20,1,12,1,9,14,19,8,1,5,1,7,10
1474,3,22,1,13,2,9,14,5,7,1,7,1,10,11
1475,4,22,2,15,1,8,14,7,9,1,4,2,10,11
1476,4,24,3,17,3,9,14,8,10,2,5,5,13,12
1477,7,25,6,19,5,11,15,7,11,3,6,7,15,12
1478,5,23,2,15,5,12,14,8,10,2,7,4,13,11
1479,4,22,0,11,4,10,14,9,11,3,8,3,12,11
1480,5,24,3,13,5,12,13,6,10,4,17,7,15,13
1481,5,24,2,13,5,13,13,18,15,7,21,7,16,13
1482,5,26,3,14,7,14,13,6,11,7,22,6,18,12
1483,7,26,4,16,9,14,14,10,12,7,22,5,21,14
1484,5,26,6,17,5,13,11,5,10,3,14,6,18,13
1485,5,25,5,18,2,12,12,9,11,3,8,4,12,12
1486,7,26,20,21,10,14,14,8,9,3,13,12,15,14
1487,7,26,13,21,6,14,15,8,8,1,10,13,13,14
1488,6,25,9,19,5,14,14,10,10,3,15,12,14,14
1489,6,25,2,15,7,14,14,11,10,2,7,2,12,13
1490,6,24,4,16,7,14,16,23,11,3,7,4,12,14
1491,6,25,5,17,11,14,15,24,13,5,3,4,16,14
1492,12,26,5,16,4,11,15,22,12,5,3,5,17,16
1493,29,29,28,24,3,9,12,14,8,1,10,27,26,25
1494,29,29,29,24,2,8,12,24,10,3,24,28,27,26
1495,29,29,27,22,4,9,11,7,8,2,4,23,21,22
1496,27,28,27,22,5,11,13,24,13,6,6,25,22,21
1497,25,26,26,22,9,15,18,27,21,16,6,25,22,19
1498,13,15,19,20,9,15,20,27,19,8,1,15,15,15
1499,5,4,3,15,5,14,18,27,19,5,0,5,10,13
